Script File,Title,Female Total,Male Total,Either Total,Female Positive Agency,Female Negative Agency,Male Positive Agency,Male Negative Agency,Either Positive Agency,Either Negative Agency,Female Power,Male Power,Either Power
./scriptbase titles/Wag the Dog/script.txt,Wag the Dog,25,108,89,18,0,42,21,46,18,9,38,47
./scriptbase titles/Machete (film)/script.txt,Machete (film),94,176,89,66,8,86,15,53,13,56,68,50
./scriptbase titles/Eternal Sunshine of the Spotless Mind/script.txt,Eternal Sunshine of the Spotless Mind,273,252,164,162,26,136,29,78,26,126,96,57
./scriptbase titles/2012 (film)/script.txt,2012 (film),199,594,498,96,20,343,74,261,111,72,274,198
./scriptbase titles/Super 8 (film)/script.txt,Super 8 (film),140,303,393,61,14,182,45,238,60,58,152,187
./scriptbase titles/National Lampoons Barely Legal/script.txt,National Lampoons Barely Legal,145,252,258,82,16,134,31,154,24,77,120,127
./scriptbase titles/Reindeer Games/script.txt,Reindeer Games,134,553,430,70,14,282,92,289,57,55,213,211
./scriptbase titles/Unforgiven/script.txt,Unforgiven,101,387,270,50,22,195,58,160,41,45,157,129
./scriptbase titles/Chasing Amy/script.txt,Chasing Amy,225,204,99,130,22,116,16,51,10,109,92,38
./scriptbase titles/Freddy vs. Jason/script.txt,Freddy vs. Jason,477,465,222,274,43,283,38,125,32,182,214,95
./scriptbase titles/Alien Nation (film)/script.txt,Alien Nation (film),52,393,90,29,12,229,55,62,8,18,164,36
./scriptbase titles/The Goonies/script.txt,The Goonies,50,341,414,33,4,211,47,225,105,22,161,175
./scriptbase titles/I Walked with a Zombie/script.txt,I Walked with a Zombie,287,147,150,131,49,97,15,79,24,109,71,66
./scriptbase titles/Romeo + Juliet/script.txt,Romeo + Juliet,192,444,80,112,12,300,30,48,11,77,203,31
./scriptbase titles/Limitless/script.txt,Limitless,71,320,378,39,11,156,64,208,79,34,144,157
./scriptbase titles/Prometheus (2012 film)/script.txt,Prometheus (2012 film),174,192,137,103,24,111,28,81,18,83,73,65
./scriptbase titles/Willow (film)/script.txt,Willow (film),248,199,126,144,18,129,23,69,15,97,83,43
./scriptbase titles/The Leopard Man/script.txt,The Leopard Man,369,200,168,232,37,121,15,93,19,162,105,56
./scriptbase titles/Demolition Man (film)/script.txt,Demolition Man (film),75,251,134,44,10,120,44,80,18,32,99,69
./scriptbase titles/Nothing But a Man/script.txt,Nothing But a Man,92,177,69,40,18,101,22,42,6,33,96,30
./scriptbase titles/Badlands (film)/script.txt,Badlands (film),64,250,302,31,7,144,33,187,45,27,114,146
./scriptbase titles/Nurse Betty/script.txt,Nurse Betty,390,390,164,204,59,229,52,89,20,162,177,64
./scriptbase titles/As Good as It Gets/script.txt,As Good as It Gets,233,402,144,148,31,225,37,92,17,119,189,82
./scriptbase titles/Top Gun/script.txt,Top Gun,144,485,153,103,17,265,64,82,20,76,215,52
./scriptbase titles/Gattaca/script.txt,Gattaca,114,530,176,65,15,332,72,82,52,47,256,58
./scriptbase titles/Enemy of the State (film)/script.txt,Enemy of the State (film),45,243,437,21,4,127,44,211,167,22,106,197
./scriptbase titles/Good Will Hunting/script.txt,Good Will Hunting,46,210,235,27,4,121,36,131,42,24,102,99
./scriptbase titles/The Last of the Mohicans (1992 film)/script.txt,The Last of the Mohicans (1992 film),188,336,277,80,21,169,57,147,61,65,162,124
./scriptbase titles/Toy Story/script.txt,Toy Story,23,309,277,14,2,171,26,181,55,9,119,135
./scriptbase titles/The Bounty Hunter (2010 film)/script.txt,The Bounty Hunter (2010 film),201,443,211,101,35,266,64,134,30,66,211,84
./scriptbase titles/Funny People/script.txt,Funny People,136,307,497,71,20,158,44,285,76,57,133,224
./scriptbase titles/Wild Things/script.txt,Wild Things,360,324,743,172,42,196,31,402,187,134,158,286
./scriptbase titles/Godzilla (1998 film)/script.txt,Godzilla (1998 film),124,337,260,72,12,228,30,151,32,55,166,117
./scriptbase titles/Superbad (film)/script.txt,Superbad (film),141,377,254,75,19,214,56,152,45,61,175,123
./scriptbase titles/Invictus (film)/script.txt,Invictus (film),59,323,185,43,8,174,57,88,42,34,143,84
./scriptbase titles/Cast Away/script.txt,Cast Away,65,729,78,34,11,459,125,35,16,33,341,32
./scriptbase titles/Heathers/script.txt,Heathers,158,82,56,110,19,48,8,37,3,83,30,25
./scriptbase titles/Disturbia (film)/script.txt,Disturbia (film),110,393,791,58,17,247,46,488,142,42,190,382
./scriptbase titles/Mrs. Brown/script.txt,Mrs. Brown,174,171,65,83,28,88,28,35,12,67,77,29
./scriptbase titles/Face-Off/script.txt,Face-Off,108,485,151,61,13,270,70,86,12,52,204,66
./scriptbase titles/Gang Related/script.txt,Gang Related,186,352,150,90,31,163,56,60,29,81,137,46
./scriptbase titles/Sister Act/script.txt,Sister Act,255,192,461,137,41,110,25,266,56,114,92,194
./scriptbase titles/The Devils Advocate (1997 film)/script.txt,The Devils Advocate (1997 film),171,185,234,92,18,110,23,140,29,69,90,108
./scriptbase titles/Tin Cup/script.txt,Tin Cup,108,306,64,59,18,199,45,38,6,46,160,26
./scriptbase titles/Basic Instinct/script.txt,Basic Instinct,502,543,232,260,59,224,103,76,41,222,218,87
./scriptbase titles/The Village (2004 film)/script.txt,The Village (2004 film),261,231,93,140,46,134,43,49,16,97,103,42
./scriptbase titles/Angels & Demons (film)/script.txt,Angels & Demons (film),102,386,298,59,12,229,59,171,61,41,156,123
./scriptbase titles/The Corruptor/script.txt,The Corruptor,69,730,184,37,3,417,107,98,22,22,333,77
./scriptbase titles/Mystery Men/script.txt,Mystery Men,115,207,138,57,9,116,30,76,24,48,92,56
./scriptbase titles/Pretty Woman/script.txt,Pretty Woman,459,429,118,261,73,256,55,66,14,201,195,55
./scriptbase titles/Thirteen Days (film)/script.txt,Thirteen Days (film),50,660,310,15,3,324,130,163,56,7,264,137
./scriptbase titles/Rear Window/script.txt,Rear Window,616,975,97,386,56,585,99,37,15,296,469,32
"./scriptbase titles/Crouching Tiger, Hidden Dragon/script.txt","Crouching Tiger, Hidden Dragon",111,131,157,50,14,69,21,99,16,39,53,70
./scriptbase titles/My Own Private Idaho/script.txt,My Own Private Idaho,73,287,142,24,14,161,44,74,21,24,123,60
./scriptbase titles/The Cell/script.txt,The Cell,439,323,130,246,75,174,61,56,22,198,133,52
./scriptbase titles/9 (2009 animated film)/script.txt,9 (2009 animated film),37,244,122,21,5,119,52,52,29,15,101,40
./scriptbase titles/Reservoir Dogs/script.txt,Reservoir Dogs,86,213,602,49,13,113,29,350,172,47,102,292
./scriptbase titles/Pariah (2011 film)/script.txt,Pariah (2011 film),222,99,133,139,23,65,9,96,7,116,47,69
./scriptbase titles/Wes Cravens New Nightmare/script.txt,Wes Cravens New Nightmare,480,345,79,290,47,167,53,40,6,206,154,34
./scriptbase titles/50-50 (2011 film)/script.txt,50-50 (2011 film),214,524,96,121,22,277,66,45,10,108,204,45
./scriptbase titles/Perfect Creature/script.txt,Perfect Creature,291,365,127,154,53,202,76,69,20,125,167,54
./scriptbase titles/The Insider (film)/script.txt,The Insider (film),106,481,128,47,17,235,91,76,14,36,201,70
./scriptbase titles/Panic Room/script.txt,Panic Room,590,297,124,336,93,196,31,70,26,251,135,52
./scriptbase titles/Shock Treatment/script.txt,Shock Treatment,88,111,192,54,8,48,20,96,53,48,42,79
./scriptbase titles/Real Genius/script.txt,Real Genius,28,338,150,19,5,191,43,92,20,14,156,78
./scriptbase titles/Pi (film)/script.txt,Pi (film),36,356,312,25,0,224,42,179,43,16,191,144
./scriptbase titles/Joe Versus the Volcano/script.txt,Joe Versus the Volcano,126,289,216,69,14,187,32,115,27,47,138,72
./scriptbase titles/Arctic Blue/script.txt,Arctic Blue,78,311,356,44,10,173,51,234,45,37,133,173
./scriptbase titles/Yes Man (film)/script.txt,Yes Man (film),94,187,382,50,10,106,28,245,55,44,89,206
./scriptbase titles/Little Miss Sunshine/script.txt,Little Miss Sunshine,268,519,351,162,30,331,74,182,59,114,233,155
./scriptbase titles/Clerks/script.txt,Clerks,122,245,616,62,8,144,31,320,193,43,95,259
./scriptbase titles/Manhunter (film)/script.txt,Manhunter (film),94,479,117,47,17,235,98,50,18,42,232,42
./scriptbase titles/15 Minutes/script.txt,15 Minutes,217,594,366,94,10,348,58,223,35,63,286,177
./scriptbase titles/Taking Lives (film)/script.txt,Taking Lives (film),134,284,263,64,13,126,52,157,24,67,132,124
./scriptbase titles/Stigmata (film)/script.txt,Stigmata (film),246,165,128,141,34,90,23,78,19,111,73,48
./scriptbase titles/Carrie (1976 film)/script.txt,Carrie (1976 film),465,186,146,256,68,106,20,78,16,200,68,67
./scriptbase titles/Men in Black (film)/script.txt,Men in Black (film),168,307,164,110,10,203,32,95,25,98,163,79
./scriptbase titles/Hellboy (film)/script.txt,Hellboy (film),106,360,82,53,13,218,33,48,12,45,160,34
./scriptbase titles/The King of Comedy (1983 film)/script.txt,The King of Comedy (1983 film),68,193,97,30,12,119,21,47,13,19,93,39
./scriptbase titles/The Patriot (2000 film)/script.txt,The Patriot (2000 film),116,370,818,70,16,210,47,460,157,46,159,378
./scriptbase titles/The Addams Family (film)/script.txt,The Addams Family (film),56,64,31,30,5,42,3,21,1,18,31,15
./scriptbase titles/Ninja Assassin/script.txt,Ninja Assassin,250,362,118,138,27,216,58,78,9,105,150,59
./scriptbase titles/500 Days of Summer/script.txt,500 Days of Summer,131,200,248,74,15,114,37,143,39,53,92,117
./scriptbase titles/Sunshine Cleaning/script.txt,Sunshine Cleaning,594,241,202,398,53,147,34,127,23,321,112,101
./scriptbase titles/Ferris Buellers Day Off/script.txt,Ferris Buellers Day Off,212,512,86,133,29,288,88,44,14,95,204,35
./scriptbase titles/Cellular (film)/script.txt,Cellular (film),231,293,298,155,33,159,41,188,38,103,122,147
./scriptbase titles/Ghost (1990 film)/script.txt,Ghost (1990 film),471,404,448,257,82,235,75,268,71,155,161,171
./scriptbase titles/XXX (film)/script.txt,XXX (film),109,417,207,63,12,241,53,122,29,60,189,88
./scriptbase titles/Five Easy Pieces/script.txt,Five Easy Pieces,208,299,153,135,17,176,34,95,20,91,145,75
./scriptbase titles/Basic (film)/script.txt,Basic (film),16,403,378,11,0,225,43,205,116,8,160,166
./scriptbase titles/Alone in the Dark (2005 film)/script.txt,Alone in the Dark (2005 film),214,361,273,133,22,233,37,152,65,94,181,121
./scriptbase titles/The Iron Lady (film)/script.txt,The Iron Lady (film),134,67,79,77,22,39,6,44,12,66,32,25
./scriptbase titles/Hellraiser/script.txt,Hellraiser,280,213,39,131,58,123,23,16,6,105,101,20
./scriptbase titles/Legion (2010 film)/script.txt,Legion (2010 film),219,336,332,123,26,194,37,207,43,80,167,147
./scriptbase titles/The Taking of Pelham One Two Three (1974 film)/script.txt,The Taking of Pelham One Two Three (1974 film),21,317,188,16,1,202,31,123,31,14,145,107
./scriptbase titles/The Prophecy/script.txt,The Prophecy,228,254,314,144,29,152,23,203,37,105,121,136
./scriptbase titles/Pleasantville (film)/script.txt,Pleasantville (film),276,263,301,161,32,143,36,144,76,127,100,103
./scriptbase titles/Jane Eyre (2011 film)/script.txt,Jane Eyre (2011 film),875,450,102,453,113,239,74,49,17,333,180,45
./scriptbase titles/Klute/script.txt,Klute,276,302,110,144,46,167,46,49,17,121,144,48
./scriptbase titles/The Saint (film)/script.txt,The Saint (film),276,308,157,163,24,202,30,105,15,127,150,76
./scriptbase titles/Rapture (1965 film)/script.txt,Rapture (1965 film),131,114,98,69,19,57,15,52,6,66,41,24
./scriptbase titles/Zulu Dawn/script.txt,Zulu Dawn,13,243,99,5,4,153,43,58,9,4,132,49
./scriptbase titles/Invaders from Mars (1953 film)/script.txt,Invaders from Mars (1953 film),51,216,210,28,2,131,28,134,29,17,106,90
./scriptbase titles/Cliffhanger (film)/script.txt,Cliffhanger (film),150,436,499,90,15,271,63,351,43,71,207,270
./scriptbase titles/Malibus Most Wanted/script.txt,Malibus Most Wanted,60,274,174,37,9,152,25,119,16,30,115,89
./scriptbase titles/The Exorcist (film)/script.txt,The Exorcist (film),181,194,297,105,15,117,27,197,24,84,89,124
./scriptbase titles/Machine Gun Preacher/script.txt,Machine Gun Preacher,108,305,504,59,22,158,36,305,71,38,119,214
./scriptbase titles/Rush Hour (1998 film)/script.txt,Rush Hour (1998 film),125,445,235,75,6,267,58,127,41,47,216,97
"./scriptbase titles/Bodies, Rest & Motion/script.txt","Bodies, Rest & Motion",313,199,203,176,51,124,22,112,31,134,92,90
./scriptbase titles/Smokin Aces/script.txt,Smokin Aces,76,431,327,45,12,257,55,176,95,31,206,144
./scriptbase titles/The Rock (film)/script.txt,The Rock (film),24,149,77,17,2,81,25,39,13,12,78,27
./scriptbase titles/The Jacket/script.txt,The Jacket,193,408,144,88,33,186,93,82,14,76,171,62
./scriptbase titles/10 Things I Hate About You/script.txt,10 Things I Hate About You,436,381,134,243,50,229,54,87,11,193,167,55
./scriptbase titles/While She Was Out/script.txt,While She Was Out,832,204,107,528,140,99,26,62,16,401,76,47
./scriptbase titles/Insomnia (2002 film)/script.txt,Insomnia (2002 film),225,288,143,139,26,152,34,74,17,91,124,66
./scriptbase titles/Lost Souls (film)/script.txt,Lost Souls (film),303,435,127,186,49,245,67,70,21,132,179,60
./scriptbase titles/Tombstone (film)/script.txt,Tombstone (film),107,483,296,47,14,286,56,172,33,41,202,126
./scriptbase titles/Man on Fire (2004 film)/script.txt,Man on Fire (2004 film),430,285,127,190,97,153,42,73,22,179,127,49
./scriptbase titles/Lost in America/script.txt,Lost in America,115,209,172,58,26,109,45,103,34,43,81,93
./scriptbase titles/Confidence (2003 film)/script.txt,Confidence (2003 film),98,482,513,50,5,253,49,276,148,43,224,244
./scriptbase titles/Friday the 13th Part III/script.txt,Friday the 13th Part III,308,245,137,213,26,161,32,91,12,129,121,62
./scriptbase titles/Constantine (film)/script.txt,Constantine (film),198,232,279,107,39,156,27,186,36,87,119,135
./scriptbase titles/Blade II/script.txt,Blade II,98,268,99,46,16,153,38,61,8,34,123,47
./scriptbase titles/Drive (2011 film)/script.txt,Drive (2011 film),258,385,123,121,56,171,87,56,21,75,149,34
./scriptbase titles/The Kids Are All Right (film)/script.txt,The Kids Are All Right (film),168,197,262,102,24,111,19,149,34,81,91,144
./scriptbase titles/Sex and the City (film)/script.txt,Sex and the City (film),936,288,651,522,114,160,40,304,232,424,119,285
./scriptbase titles/Bad Santa/script.txt,Bad Santa,67,275,188,45,8,173,23,123,31,30,118,88
./scriptbase titles/Schindlers List/script.txt,Schindlers List,90,526,167,34,19,265,123,82,41,29,218,61
./scriptbase titles/Point Break/script.txt,Point Break,83,491,123,51,8,311,68,77,16,40,249,63
./scriptbase titles/All About Eve/script.txt,All About Eve,535,232,289,309,84,137,25,143,33,225,101,125
./scriptbase titles/Dumb and Dumber/script.txt,Dumb and Dumber,99,426,107,49,8,278,48,63,10,43,225,43
./scriptbase titles/Cold Mountain (film)/script.txt,Cold Mountain (film),226,319,327,133,32,183,45,196,40,117,149,142
./scriptbase titles/Dave (film)/script.txt,Dave (film),152,372,322,78,31,191,67,173,57,52,142,111
./scriptbase titles/X-Men (film)/script.txt,X-Men (film),115,440,181,65,11,257,55,105,22,55,184,74
./scriptbase titles/Slither (2006 film)/script.txt,Slither (2006 film),495,464,337,257,87,277,66,180,65,181,212,126
./scriptbase titles/Affliction (film)/script.txt,Affliction (film),139,320,90,63,14,181,33,64,10,44,142,39
./scriptbase titles/The Time Machine (1960 film)/script.txt,The Time Machine (1960 film),60,267,78,25,8,167,44,40,6,20,137,31
./scriptbase titles/Drop Dead Gorgeous (film)/script.txt,Drop Dead Gorgeous (film),315,62,329,186,36,38,4,192,92,146,24,165
./scriptbase titles/Ted (film)/script.txt,Ted (film),174,304,499,90,32,189,32,314,69,65,154,211
./scriptbase titles/Barry Lyndon/script.txt,Barry Lyndon,131,398,73,73,19,218,57,41,16,56,187,42
./scriptbase titles/Antz/script.txt,Antz,61,115,207,25,6,59,21,110,24,19,43,79
./scriptbase titles/Metro (1997 film)/script.txt,Metro (1997 film),97,440,441,54,10,253,70,216,134,44,219,193
./scriptbase titles/Shes Out of My League/script.txt,Shes Out of My League,249,440,158,149,30,252,57,99,19,115,196,87
./scriptbase titles/Capote (film)/script.txt,Capote (film),134,524,617,69,23,246,88,293,198,67,218,269
./scriptbase titles/The Damned United/script.txt,The Damned United,8,111,74,2,0,57,18,37,13,2,53,27
./scriptbase titles/Scream (1996 film)/script.txt,Scream (1996 film),274,316,223,161,32,198,28,148,20,134,139,105
./scriptbase titles/Memento (film)/script.txt,Memento (film),152,676,170,81,13,383,63,80,21,68,319,54
./scriptbase titles/Monty Python and the Holy Grail/script.txt,Monty Python and the Holy Grail,34,174,149,13,1,88,24,82,10,14,73,65
./scriptbase titles/High Fidelity (film)/script.txt,High Fidelity (film),197,273,1100,87,37,147,48,501,324,80,105,416
./scriptbase titles/Murderland/script.txt,Murderland,25,517,135,14,2,308,87,82,12,10,259,67
./scriptbase titles/Ghost Ship (2002 film)/script.txt,Ghost Ship (2002 film),368,327,125,225,32,214,29,62,15,157,162,55
./scriptbase titles/House of 1000 Corpses/script.txt,House of 1000 Corpses,175,203,96,109,21,144,15,65,10,65,104,42
./scriptbase titles/Ticker (2001 film)/script.txt,Ticker (2001 film),96,211,91,51,14,138,23,58,11,30,102,42
./scriptbase titles/Whiteout (2009 film)/script.txt,Whiteout (2009 film),418,309,114,270,44,168,43,64,12,214,123,49
./scriptbase titles/Hostage (film)/script.txt,Hostage (film),102,439,511,47,15,234,89,252,147,38,200,231
./scriptbase titles/Judge Dredd (film)/script.txt,Judge Dredd (film),69,291,117,46,8,151,35,69,15,38,116,55
./scriptbase titles/Agnes of God (film)/script.txt,Agnes of God (film),372,40,88,199,68,27,3,46,15,177,25,34
./scriptbase titles/El Mariachi/script.txt,El Mariachi,71,264,61,40,10,165,37,35,13,39,135,31
./scriptbase titles/The African Queen (film)/script.txt,The African Queen (film),419,459,339,222,61,240,83,192,71,205,210,138
./scriptbase titles/Spartan (film)/script.txt,Spartan (film),162,511,405,56,21,313,38,259,33,43,262,214
./scriptbase titles/Orgy of the Dead/script.txt,Orgy of the Dead,54,13,58,28,5,8,3,31,6,15,7,23
./scriptbase titles/Major League (film)/script.txt,Major League (film),95,496,123,53,16,301,46,65,20,50,229,55
./scriptbase titles/The Hitchhikers Guide to the Galaxy (film)/script.txt,The Hitchhikers Guide to the Galaxy (film),70,410,142,38,7,255,43,81,23,28,185,57
./scriptbase titles/The Flintstones (film)/script.txt,The Flintstones (film),57,296,272,35,4,204,20,175,23,26,143,131
./scriptbase titles/Malcolm X (film)/script.txt,Malcolm X (film),149,754,147,85,18,423,108,78,18,73,339,67
./scriptbase titles/Lake Placid (film)/script.txt,Lake Placid (film),85,331,176,48,11,181,42,118,23,31,119,81
./scriptbase titles/The Ides of March (film)/script.txt,The Ides of March (film),77,196,165,35,16,98,22,88,19,34,83,69
./scriptbase titles/This Boys Life (film)/script.txt,This Boys Life (film),240,426,325,149,32,272,47,212,40,101,223,150
./scriptbase titles/Casablanca (film)/script.txt,Casablanca (film),160,317,307,61,28,172,47,159,53,56,164,127
./scriptbase titles/Aliens (film)/script.txt,Aliens (film),320,467,152,194,38,290,47,95,20,157,207,73
./scriptbase titles/Leaving Las Vegas/script.txt,Leaving Las Vegas,210,320,164,106,23,203,34,88,22,83,156,68
./scriptbase titles/Some Like It Hot/script.txt,Some Like It Hot,144,268,314,77,15,167,28,208,28,72,129,148
./scriptbase titles/Whos Your Daddy (film)/script.txt,Whos Your Daddy (film),107,206,388,64,20,115,33,227,49,50,85,161
./scriptbase titles/Network (film)/script.txt,Network (film),72,213,101,42,14,105,40,44,15,37,69,39
./scriptbase titles/The Dark Knight (film)/script.txt,The Dark Knight (film),99,506,511,37,17,254,59,257,145,29,234,242
./scriptbase titles/Traffic (2000 film)/script.txt,Traffic (2000 film),321,495,288,154,45,273,60,153,44,133,237,128
./scriptbase titles/The Elephant Man (film)/script.txt,The Elephant Man (film),117,704,177,73,16,389,76,90,27,47,279,68
./scriptbase titles/Adaptation (film)/script.txt,Adaptation (film),144,243,70,78,21,133,33,42,6,50,86,34
./scriptbase titles/Cars 2/script.txt,Cars 2,62,312,109,33,11,182,33,72,13,28,131,50
./scriptbase titles/Jason X/script.txt,Jason X,193,333,138,104,28,213,36,78,16,75,161,59
./scriptbase titles/Last Tango in Paris/script.txt,Last Tango in Paris,408,363,171,239,55,253,31,103,22,177,216,78
./scriptbase titles/Entrapment (film)/script.txt,Entrapment (film),314,453,269,181,29,305,51,179,30,133,236,127
./scriptbase titles/Ed Wood (film)/script.txt,Ed Wood (film),143,460,427,84,14,291,53,286,50,53,185,176
./scriptbase titles/The Debt (2011 film)/script.txt,The Debt (2011 film),628,355,293,376,104,220,26,165,57,267,163,130
./scriptbase titles/Stalag 17/script.txt,Stalag 17,54,467,214,35,5,287,44,117,35,31,205,108
./scriptbase titles/Beloved (film)/script.txt,Beloved (film),581,287,248,291,95,155,50,143,42,214,125,110
./scriptbase titles/Sleepy Hollow (film)/script.txt,Sleepy Hollow (film),174,507,73,95,22,271,77,31,4,77,203,30
./scriptbase titles/Thunderheart/script.txt,Thunderheart,94,582,483,53,7,318,92,285,68,39,256,215
./scriptbase titles/Vertigo (film)/script.txt,Vertigo (film),515,551,87,245,69,331,88,37,18,193,250,38
./scriptbase titles/Get Carter/script.txt,Get Carter,156,547,148,66,21,346,71,89,17,49,259,48
./scriptbase titles/Frequency (film)/script.txt,Frequency (film),113,416,491,49,13,235,64,322,66,45,189,232
./scriptbase titles/The Power of One (film)/script.txt,The Power of One (film),77,490,176,46,8,296,47,102,23,27,230,69
./scriptbase titles/Strangers on a Train (film)/script.txt,Strangers on a Train (film),148,542,75,62,28,322,71,45,6,64,235,39
./scriptbase titles/Requiem for a Dream/script.txt,Requiem for a Dream,374,325,188,218,55,202,35,115,23,163,150,85
./scriptbase titles/Rocky/script.txt,Rocky,69,442,214,32,14,268,64,119,31,31,194,100
./scriptbase titles/Magnolia (film)/script.txt,Magnolia (film),236,404,1038,132,32,221,57,521,355,100,160,479
./scriptbase titles/Philadelphia (film)/script.txt,Philadelphia (film),65,287,458,32,10,168,41,233,127,26,121,173
./scriptbase titles/Portrait of Jennie/script.txt,Portrait of Jennie,306,604,170,136,31,307,86,85,26,102,250,83
./scriptbase titles/Wild at Heart (film)/script.txt,Wild at Heart (film),225,230,618,127,30,122,31,351,168,112,107,263
./scriptbase titles/Blue Valentine (film)/script.txt,Blue Valentine (film),548,342,382,353,43,210,37,232,42,277,180,181
./scriptbase titles/Grosse Pointe Blank/script.txt,Grosse Pointe Blank,116,239,281,69,16,147,25,171,40,53,135,139
./scriptbase titles/Panther (film)/script.txt,Panther (film),48,189,118,24,6,95,23,70,20,23,87,50
./scriptbase titles/Angel Eyes (film)/script.txt,Angel Eyes (film),540,492,515,308,82,263,84,263,149,248,211,182
./scriptbase titles/Fear and Loathing in Las Vegas (film)/script.txt,Fear and Loathing in Las Vegas (film),52,145,79,30,4,71,29,46,14,16,62,43
./scriptbase titles/S. Darko/script.txt,S. Darko,279,253,444,136,54,141,35,254,75,105,96,180
./scriptbase titles/Bones (2001 film)/script.txt,Bones (2001 film),177,459,186,95,26,286,65,114,29,68,227,72
./scriptbase titles/Body of Evidence (1993 film)/script.txt,Body of Evidence (1993 film),344,361,101,176,53,183,55,42,18,147,150,51
./scriptbase titles/Contact (1997 film)/script.txt,Contact (1997 film),260,114,440,129,48,70,13,208,153,78,49,176
./scriptbase titles/The Family Man/script.txt,The Family Man,357,382,490,187,41,187,62,279,45,144,147,206
./scriptbase titles/Frozen River/script.txt,Frozen River,316,258,418,200,40,131,27,245,48,157,109,205
./scriptbase titles/Snow Falling on Cedars (film)/script.txt,Snow Falling on Cedars (film),183,494,160,91,28,257,80,62,36,64,220,59
./scriptbase titles/The Crying Game/script.txt,The Crying Game,225,424,121,117,24,228,50,77,14,92,167,52
./scriptbase titles/Shame (2011 film)/script.txt,Shame (2011 film),58,116,37,33,3,69,5,16,6,24,51,13
./scriptbase titles/The Omega Man/script.txt,The Omega Man,129,464,91,68,14,285,75,49,13,39,196,38
./scriptbase titles/Dead Poets Society/script.txt,Dead Poets Society,53,468,218,26,6,270,65,124,30,15,238,82
./scriptbase titles/Tomorrow Never Dies/script.txt,Tomorrow Never Dies,90,383,130,48,11,226,64,78,14,36,173,59
./scriptbase titles/Batman (1989 film)/script.txt,Batman (1989 film),129,374,153,77,20,219,52,88,32,58,164,77
./scriptbase titles/Seven (film)/script.txt,Seven (film),168,888,194,95,16,522,112,91,25,69,414,80
./scriptbase titles/Flight (2012 film)/script.txt,Flight (2012 film),157,291,111,91,21,156,43,67,18,67,120,51
./scriptbase titles/Conan the Barbarian (2011 film)/script.txt,Conan the Barbarian (2011 film),244,560,115,120,23,370,49,70,13,98,289,53
./scriptbase titles/Kalifornia/script.txt,Kalifornia,462,378,229,267,61,226,54,133,22,204,191,101
./scriptbase titles/Three Men and a Baby/script.txt,Three Men and a Baby,324,477,365,116,44,307,52,212,51,100,230,172
./scriptbase titles/Buried (film)/script.txt,Buried (film),35,316,267,13,7,196,57,185,23,13,152,145
./scriptbase titles/The Day the Earth Stood Still/script.txt,The Day the Earth Stood Still,177,399,187,97,25,236,74,104,35,89,173,76
./scriptbase titles/Lost Highway (film)/script.txt,Lost Highway (film),266,543,320,140,45,295,92,196,38,101,230,157
./scriptbase titles/Ride the High Country/script.txt,Ride the High Country,102,260,178,45,17,146,30,113,19,35,105,98
./scriptbase titles/Celeste and Jesse Forever/script.txt,Celeste and Jesse Forever,437,125,184,253,61,65,19,119,26,196,60,95
./scriptbase titles/Jaws 3-D/script.txt,Jaws 3-D,163,239,224,98,13,124,26,135,28,78,99,102
./scriptbase titles/Hider in the House (1989 film)/script.txt,Hider in the House (1989 film),118,318,274,63,15,159,55,166,38,51,132,122
./scriptbase titles/Minority Report (film)/script.txt,Minority Report (film),273,444,174,162,48,237,77,94,26,115,184,80
./scriptbase titles/What Lies Beneath/script.txt,What Lies Beneath,369,201,183,207,62,127,25,95,30,151,95,71
./scriptbase titles/Grand Hotel (film)/script.txt,Grand Hotel (film),300,432,86,170,41,242,52,47,9,132,193,38
./scriptbase titles/Peeping Tom (film)/script.txt,Peeping Tom (film),350,477,219,174,57,261,74,119,19,134,233,97
./scriptbase titles/RocknRolla/script.txt,RocknRolla,50,502,169,27,4,270,66,106,18,25,244,77
./scriptbase titles/Simone (2002 film)/script.txt,Simone (2002 film),249,161,601,127,33,103,16,289,195,97,80,293
./scriptbase titles/Coraline (film)/script.txt,Coraline (film),628,147,264,413,76,97,11,144,59,313,66,98
./scriptbase titles/Pearl Harbor (film)/script.txt,Pearl Harbor (film),166,584,437,77,22,315,82,260,61,56,222,188
./scriptbase titles/Hard Rain (film)/script.txt,Hard Rain (film),103,414,304,52,17,221,59,181,44,34,174,133
./scriptbase titles/Even Cowgirls Get the Blues (film)/script.txt,Even Cowgirls Get the Blues (film),264,79,109,151,48,57,6,57,19,125,41,51
./scriptbase titles/All the Kings Men (1949 film)/script.txt,All the Kings Men (1949 film),114,358,273,44,18,190,44,156,33,43,146,122
./scriptbase titles/Bamboozled/script.txt,Bamboozled,67,154,111,28,9,83,23,64,23,30,73,49
./scriptbase titles/Strange Days (film)/script.txt,Strange Days (film),375,658,148,178,53,356,101,80,20,133,313,76
./scriptbase titles/Go (1999 film)/script.txt,Go (1999 film),345,459,513,201,32,309,31,269,120,156,239,225
./scriptbase titles/Living in Oblivion/script.txt,Living in Oblivion,150,136,87,78,23,60,18,43,15,44,56,31
./scriptbase titles/The Next Three Days/script.txt,The Next Three Days,243,509,575,143,40,260,94,343,96,119,233,294
./scriptbase titles/The Cider House Rules (film)/script.txt,The Cider House Rules (film),409,670,245,229,57,323,117,137,39,195,268,99
./scriptbase titles/Erin Brockovich (film)/script.txt,Erin Brockovich (film),434,265,590,229,55,153,34,321,93,193,131,288
./scriptbase titles/The Body Snatcher (film)/script.txt,The Body Snatcher (film),217,369,95,123,21,209,45,62,7,97,168,30
./scriptbase titles/The Bridges of Madison County (film)/script.txt,The Bridges of Madison County (film),559,247,190,310,82,149,28,102,28,244,120,77
./scriptbase titles/The Searchers (film)/script.txt,The Searchers (film),244,736,372,114,30,443,99,218,47,79,341,164
./scriptbase titles/Starship Troopers (film)/script.txt,Starship Troopers (film),188,331,133,95,24,192,35,84,19,63,154,74
./scriptbase titles/30 Minutes or Less/script.txt,30 Minutes or Less,91,495,152,48,5,314,50,88,21,34,235,65
./scriptbase titles/Minis First Time/script.txt,Minis First Time,319,228,202,170,48,104,40,106,22,142,89,82
./scriptbase titles/The Program/script.txt,The Program,127,266,625,71,23,142,32,352,170,51,118,274
./scriptbase titles/The World Is Not Enough/script.txt,The World Is Not Enough,248,476,158,143,22,286,68,82,21,128,235,69
./scriptbase titles/A Walk to Remember/script.txt,A Walk to Remember,213,254,141,108,35,142,42,78,20,75,116,56
./scriptbase titles/Fantastic Four (film)/script.txt,Fantastic Four (film),244,690,408,140,35,378,122,228,66,98,276,189
./scriptbase titles/White Squall (film)/script.txt,White Squall (film),88,549,365,38,10,311,67,202,67,31,257,151
./scriptbase titles/Valkyrie (film)/script.txt,Valkyrie (film),32,289,294,22,4,143,44,157,87,20,125,124
./scriptbase titles/Get Shorty (film)/script.txt,Get Shorty (film),524,488,186,242,126,259,62,77,28,237,210,77
./scriptbase titles/The Talented Mr. Ripley (film)/script.txt,The Talented Mr. Ripley (film),99,500,117,40,14,275,74,46,12,33,222,47
./scriptbase titles/Domino (film)/script.txt,Domino (film),187,169,246,115,18,90,33,139,37,79,84,112
./scriptbase titles/Apocalypse Now/script.txt,Apocalypse Now,54,532,216,33,4,291,76,139,27,29,226,98
./scriptbase titles/The Ladykillers (2004 film)/script.txt,The Ladykillers (2004 film),98,273,58,62,13,188,19,35,7,49,135,33
./scriptbase titles/Rachel Getting Married/script.txt,Rachel Getting Married,411,91,156,247,52,50,17,98,18,180,46,74
./scriptbase titles/The Evil Dead/script.txt,The Evil Dead,104,136,31,64,12,86,11,16,2,44,61,16
./scriptbase titles/Scary Movie 2/script.txt,Scary Movie 2,321,321,165,198,45,202,36,86,20,154,149,75
./scriptbase titles/Juno (film)/script.txt,Juno (film),215,79,127,133,23,41,18,70,21,99,42,57
./scriptbase titles/The Hebrew Hammer/script.txt,The Hebrew Hammer,118,213,75,75,7,123,21,56,5,45,97,38
./scriptbase titles/Event Horizon (film)/script.txt,Event Horizon (film),78,276,102,46,9,161,35,52,17,34,128,36
./scriptbase titles/Inventing the Abbotts/script.txt,Inventing the Abbotts,391,517,98,201,52,303,91,49,16,153,250,44
./scriptbase titles/Deep Cover/script.txt,Deep Cover,144,528,148,67,18,286,77,73,23,59,231,57
./scriptbase titles/Lord of War/script.txt,Lord of War,64,360,147,36,10,193,50,97,15,35,157,76
./scriptbase titles/John Q/script.txt,John Q,60,262,130,39,8,129,32,74,16,28,94,62
./scriptbase titles/Apocalypse Now Redux/script.txt,Apocalypse Now Redux,77,538,220,45,8,315,78,134,33,32,233,90
./scriptbase titles/Rambling Rose (film)/script.txt,Rambling Rose (film),429,392,120,179,88,178,78,78,21,194,153,53
"./scriptbase titles/Sex, Lies, and Videotape/script.txt","Sex, Lies, and Videotape",227,290,103,144,17,151,46,61,9,114,135,60
./scriptbase titles/Life of Pi (film)/script.txt,Life of Pi (film),23,342,412,7,4,203,58,235,90,6,139,183
./scriptbase titles/Hudson Hawk/script.txt,Hudson Hawk,155,183,130,117,7,113,20,91,6,90,97,80
./scriptbase titles/The Girl with the Dragon Tattoo (2011 film)/script.txt,The Girl with the Dragon Tattoo (2011 film),481,559,136,279,67,311,113,67,27,193,240,55
./scriptbase titles/Lost in Space (film)/script.txt,Lost in Space (film),68,200,196,37,7,131,19,130,14,21,108,90
./scriptbase titles/Moonstruck/script.txt,Moonstruck,393,320,177,207,36,170,56,112,21,169,134,86
./scriptbase titles/Casino (film)/script.txt,Casino (film),230,521,1184,107,24,278,80,519,507,102,266,563
./scriptbase titles/The Postman (film)/script.txt,The Postman (film),93,509,253,48,8,270,85,142,38,33,202,104
./scriptbase titles/Escape from the Planet of the Apes/script.txt,Escape from the Planet of the Apes,25,26,32,13,2,14,1,16,5,12,13,18
./scriptbase titles/Shifty (film)/script.txt,Shifty (film),103,294,150,59,15,151,37,79,27,48,118,64
./scriptbase titles/Wonder Boys (film)/script.txt,Wonder Boys (film),126,358,66,78,19,178,67,27,11,55,122,24
./scriptbase titles/Sweet Smell of Success/script.txt,Sweet Smell of Success,311,762,115,163,41,455,96,64,10,112,339,50
./scriptbase titles/Clue (film)/script.txt,Clue (film),110,177,262,66,7,119,17,122,69,56,82,125
./scriptbase titles/Army of Darkness/script.txt,Army of Darkness,33,202,100,19,2,137,18,71,11,16,91,47
./scriptbase titles/Amadeus (film)/script.txt,Amadeus (film),144,528,663,77,21,316,69,350,199,50,245,281
./scriptbase titles/Martha Marcy May Marlene/script.txt,Martha Marcy May Marlene,485,153,102,294,68,85,22,69,12,247,69,48
./scriptbase titles/Up (2009 film)/script.txt,Up (2009 film),89,335,330,58,8,188,34,212,30,38,144,160
./scriptbase titles/My Best Friends Wedding/script.txt,My Best Friends Wedding,600,337,574,323,100,174,59,306,177,238,120,244
./scriptbase titles/Light Sleeper/script.txt,Light Sleeper,119,155,53,62,20,84,24,37,6,46,74,23
./scriptbase titles/The Truman Show/script.txt,The Truman Show,51,420,77,25,3,243,68,44,10,21,193,36
./scriptbase titles/Jurassic Park (film)/script.txt,Jurassic Park (film),138,450,265,83,19,264,51,147,51,50,196,110
./scriptbase titles/Sugar & Spice/script.txt,Sugar & Spice,223,61,145,139,22,43,4,94,19,108,26,74
./scriptbase titles/Fracture (2007 film)/script.txt,Fracture (2007 film),114,492,554,47,17,270,65,285,144,30,229,229
./scriptbase titles/I Still Know What You Did Last Summer/script.txt,I Still Know What You Did Last Summer,292,227,247,169,40,145,14,148,37,117,112,96
./scriptbase titles/The Mask (film)/script.txt,The Mask (film),134,463,120,84,13,324,33,82,11,62,228,61
./scriptbase titles/Happy Campers (2001 film)/script.txt,Happy Campers (2001 film),265,274,488,157,30,184,31,246,166,125,150,206
./scriptbase titles/Star Wars (film)/script.txt,Star Wars (film),62,284,175,43,5,165,41,106,16,30,113,89
./scriptbase titles/Love & Basketball/script.txt,Love & Basketball,554,398,92,343,84,245,55,56,15,221,185,42
./scriptbase titles/Raiders of the Lost Ark/script.txt,Raiders of the Lost Ark,89,346,195,43,10,213,44,119,24,34,164,91
./scriptbase titles/The Mummy (1999 film)/script.txt,The Mummy (1999 film),86,375,253,41,13,195,43,143,34,30,150,116
./scriptbase titles/American Beauty (film)/script.txt,American Beauty (film),260,268,68,135,46,147,36,40,5,111,122,27
./scriptbase titles/Killing Zoe/script.txt,Killing Zoe,84,455,314,46,8,269,63,230,32,32,212,160
./scriptbase titles/Anastasia (1997 film)/script.txt,Anastasia (1997 film),372,262,63,171,56,155,30,34,8,140,129,26
./scriptbase titles/The Limey/script.txt,The Limey,159,361,243,78,31,174,52,130,29,58,149,95
./scriptbase titles/Lost in Translation (film)/script.txt,Lost in Translation (film),315,229,199,153,39,118,33,102,34,124,110,92
./scriptbase titles/New York Minute (film)/script.txt,New York Minute (film),143,234,168,77,18,136,30,94,23,71,105,72
./scriptbase titles/Batman & Robin (film)/script.txt,Batman & Robin (film),122,145,81,85,12,94,11,54,5,62,68,29
./scriptbase titles/Return to Me/script.txt,Return to Me,170,214,391,105,13,118,25,224,46,87,96,180
./scriptbase titles/Halloween (1978 film)/script.txt,Halloween (1978 film),169,131,171,108,22,76,12,116,18,82,54,90
./scriptbase titles/Conspiracy Theory (film)/script.txt,Conspiracy Theory (film),365,418,395,219,46,202,58,240,43,155,175,179
./scriptbase titles/Midnight Cowboy/script.txt,Midnight Cowboy,61,195,513,39,6,103,39,319,100,21,74,235
./scriptbase titles/The Tourist (2010 film)/script.txt,The Tourist (2010 film),260,416,247,152,40,195,69,128,41,118,180,89
./scriptbase titles/Somethings Gotta Give (film)/script.txt,Somethings Gotta Give (film),343,336,685,196,47,181,55,335,214,138,150,306
./scriptbase titles/Signs (film)/script.txt,Signs (film),62,480,326,24,11,295,68,171,55,19,243,140
./scriptbase titles/Cat People (1982 film)/script.txt,Cat People (1982 film),514,302,391,284,63,184,32,187,106,212,118,166
./scriptbase titles/The Green Mile (film)/script.txt,The Green Mile (film),104,556,548,52,14,322,72,342,73,45,254,249
./scriptbase titles/Bonnie and Clyde (film)/script.txt,Bonnie and Clyde (film),184,297,173,103,21,169,39,117,25,67,138,87
./scriptbase titles/Psycho (1960 film)/script.txt,Psycho (1960 film),493,483,144,231,87,264,86,75,28,209,192,47
./scriptbase titles/Scream 2/script.txt,Scream 2,452,333,226,259,52,197,28,149,21,208,146,121
./scriptbase titles/Confessions of a Dangerous Mind/script.txt,Confessions of a Dangerous Mind,105,394,481,55,19,214,64,224,165,50,161,212
./scriptbase titles/The Men Who Stare at Goats (film)/script.txt,The Men Who Stare at Goats (film),25,303,446,10,2,161,46,252,77,9,128,194
./scriptbase titles/Honeydripper (film)/script.txt,Honeydripper (film),169,207,228,110,18,129,29,146,32,97,106,112
./scriptbase titles/Moon (film)/script.txt,Moon (film),121,230,570,64,23,138,31,294,144,53,109,236
./scriptbase titles/Theres Something About Mary/script.txt,Theres Something About Mary,191,274,622,87,29,131,38,319,182,80,116,246
./scriptbase titles/Twins (1988 film)/script.txt,Twins (1988 film),129,533,451,77,21,330,52,218,129,65,282,174
./scriptbase titles/Analyze That/script.txt,Analyze That,37,194,167,21,3,87,28,90,31,14,72,82
./scriptbase titles/The Cincinnati Kid/script.txt,The Cincinnati Kid,164,377,153,84,20,205,59,83,18,71,176,63
./scriptbase titles/Escape from L.A./script.txt,Escape from L.A.,57,213,123,28,6,133,22,85,8,23,100,64
./scriptbase titles/Oceans Eleven/script.txt,Oceans Eleven,98,546,366,47,8,313,78,216,48,32,259,167
./scriptbase titles/In the Loop (film)/script.txt,In the Loop (film),126,238,302,61,26,130,31,154,40,59,112,115
./scriptbase titles/Collateral (film)/script.txt,Collateral (film),80,453,268,33,12,264,80,142,44,29,210,127
./scriptbase titles/Nightbreed/script.txt,Nightbreed,366,405,129,198,49,244,47,70,18,143,181,55
./scriptbase titles/Gangs of New York/script.txt,Gangs of New York,157,391,199,94,16,224,40,118,34,79,203,99
./scriptbase titles/The Bourne Ultimatum (film)/script.txt,The Bourne Ultimatum (film),51,196,70,28,6,104,25,45,8,26,87,33
./scriptbase titles/Broken Embraces/script.txt,Broken Embraces,497,976,436,254,69,478,176,224,62,216,396,168
./scriptbase titles/17 Again (film)/script.txt,17 Again (film),159,391,166,97,12,263,36,105,18,75,188,75
./scriptbase titles/Cobb (film)/script.txt,Cobb (film),88,469,464,41,8,274,79,227,162,38,217,206
./scriptbase titles/The Thing (1982 film)/script.txt,The Thing (1982 film),2,423,139,1,0,272,49,92,15,1,210,75
./scriptbase titles/The Informant!/script.txt,The Informant!,55,441,350,33,8,270,75,201,67,31,199,177
./scriptbase titles/House on Haunted Hill (1999 film)/script.txt,House on Haunted Hill (1999 film),146,148,100,84,22,84,23,61,23,60,64,52
./scriptbase titles/Rush Hour 2/script.txt,Rush Hour 2,103,317,321,70,7,187,40,216,35,59,154,168
./scriptbase titles/Double Indemnity (film)/script.txt,Double Indemnity (film),309,564,124,188,43,346,65,56,23,152,296,65
./scriptbase titles/Dark Star (film)/script.txt,Dark Star (film),0,42,16,0,0,27,7,8,6,0,20,3
./scriptbase titles/Batman Returns/script.txt,Batman Returns,99,198,103,72,9,119,33,73,8,52,94,55
./scriptbase titles/Bean (film)/script.txt,Bean (film),99,469,288,40,11,309,60,154,74,38,244,117
./scriptbase titles/Remember Me (2010 film)/script.txt,Remember Me (2010 film),382,476,173,197,55,298,50,94,24,158,221,59
./scriptbase titles/Blue Velvet (film)/script.txt,Blue Velvet (film),254,678,280,123,42,331,119,162,31,108,295,146
./scriptbase titles/The Perks of Being a Wallflower (film)/script.txt,The Perks of Being a Wallflower (film),208,632,212,109,26,305,91,124,21,103,238,83
./scriptbase titles/Burning Annie/script.txt,Burning Annie,191,190,304,97,28,105,22,166,48,84,74,143
./scriptbase titles/This Is 40/script.txt,This Is 40,218,208,93,123,34,110,25,51,13,107,89,41
./scriptbase titles/American Splendor (film)/script.txt,American Splendor (film),170,359,87,107,23,207,48,47,8,83,166,51
./scriptbase titles/The Naked City/script.txt,The Naked City,142,334,76,57,19,202,37,38,14,53,163,38
./scriptbase titles/The Big White/script.txt,The Big White,177,366,389,104,21,220,52,256,46,82,188,204
./scriptbase titles/Alien (film)/script.txt,Alien (film),94,252,127,69,11,167,37,90,10,51,129,69
./scriptbase titles/The Swimmer (1968 film)/script.txt,The Swimmer (1968 film),123,253,200,61,18,150,39,116,25,59,116,76
./scriptbase titles/The Breakfast Club/script.txt,The Breakfast Club,68,182,393,44,4,111,19,214,118,33,88,173
./scriptbase titles/Bottle Rocket/script.txt,Bottle Rocket,66,462,292,28,10,243,60,158,34,27,199,140
./scriptbase titles/Scream 3/script.txt,Scream 3,191,200,150,108,26,115,20,95,15,85,74,53
./scriptbase titles/The Last Samurai/script.txt,The Last Samurai,55,337,226,33,7,178,51,121,38,25,133,88
./scriptbase titles/Feast (film)/script.txt,Feast (film),76,115,92,52,3,79,10,51,15,42,66,44
./scriptbase titles/The Majestic (film)/script.txt,The Majestic (film),126,515,153,75,15,301,72,104,25,46,224,73
./scriptbase titles/The Thing Called Love/script.txt,The Thing Called Love,661,353,145,354,96,191,47,82,22,299,157,61
./scriptbase titles/Margot at the Wedding/script.txt,Margot at the Wedding,485,295,163,323,61,173,36,81,29,252,125,55
./scriptbase titles/Apt Pupil (film)/script.txt,Apt Pupil (film),73,933,134,37,8,547,129,61,23,26,428,59
./scriptbase titles/Warm Springs (film)/script.txt,Warm Springs (film),172,465,158,100,23,248,65,90,18,66,200,61
./scriptbase titles/Crash (1996 film)/script.txt,Crash (1996 film),198,450,70,97,30,252,77,39,13,82,207,34
./scriptbase titles/The Book of Eli/script.txt,The Book of Eli,216,412,365,119,28,244,49,205,64,85,181,164
./scriptbase titles/Happiness (1998 film)/script.txt,Happiness (1998 film),98,142,55,57,16,75,34,33,10,40,64,31
./scriptbase titles/A Hard Days Night (film)/script.txt,A Hard Days Night (film),38,285,148,25,3,153,37,77,20,16,134,57
./scriptbase titles/Wild Wild West/script.txt,Wild Wild West,134,731,123,91,7,458,66,60,18,68,361,54
./scriptbase titles/Pet Sematary Two/script.txt,Pet Sematary Two,147,609,229,95,11,386,84,162,21,64,312,127
./scriptbase titles/The Night of the Hunter (film)/script.txt,The Night of the Hunter (film),158,228,114,88,14,150,25,67,9,66,114,45
./scriptbase titles/Urban Legend (film)/script.txt,Urban Legend (film),501,276,245,325,58,171,27,151,27,223,139,98
./scriptbase titles/Man Trouble/script.txt,Man Trouble,338,409,57,232,34,265,50,37,7,150,186,23
./scriptbase titles/Nixon (film)/script.txt,Nixon (film),72,490,311,34,10,237,87,145,72,30,221,132
./scriptbase titles/Flightplan/script.txt,Flightplan,362,272,508,169,69,154,33,259,89,132,128,197
./scriptbase titles/War Horse (film)/script.txt,War Horse (film),111,530,525,81,4,306,59,266,58,52,241,221
./scriptbase titles/The Back-up Plan/script.txt,The Back-up Plan,320,163,82,194,32,88,17,45,8,147,59,33
./scriptbase titles/Little Athens/script.txt,Little Athens,546,567,153,303,94,374,58,83,11,266,299,64
./scriptbase titles/True Grit (2010 film)/script.txt,True Grit (2010 film),145,381,238,100,10,246,31,134,22,71,187,88
./scriptbase titles/Shampoo (film)/script.txt,Shampoo (film),331,375,339,168,46,216,44,192,43,144,170,144
./scriptbase titles/I Know What You Did Last Summer/script.txt,I Know What You Did Last Summer,179,138,233,108,25,75,24,137,24,75,59,93
"./scriptbase titles/I, Robot (film)/script.txt","I, Robot (film)",24,182,112,15,4,97,24,67,10,15,74,45
./scriptbase titles/Birthday Girl/script.txt,Birthday Girl,349,477,363,188,32,290,63,175,59,141,219,153
./scriptbase titles/True Believer (1989 film)/script.txt,True Believer (1989 film),59,374,246,30,12,200,60,181,22,19,152,112
./scriptbase titles/Nine (2009 live-action film)/script.txt,Nine (2009 live-action film),190,313,61,111,18,164,47,38,11,75,135,30
./scriptbase titles/Music of the Heart/script.txt,Music of the Heart,564,212,249,330,69,117,29,145,34,231,80,102
./scriptbase titles/The Sixth Sense/script.txt,The Sixth Sense,212,551,455,129,31,297,99,266,67,91,209,190
./scriptbase titles/The Deer Hunter/script.txt,The Deer Hunter,73,238,107,38,9,135,35,59,15,25,111,56
./scriptbase titles/L.A. Confidential (film)/script.txt,L.A. Confidential (film),98,581,254,36,14,310,71,131,37,23,269,118
./scriptbase titles/Lethal Weapon/script.txt,Lethal Weapon,92,322,89,53,10,216,35,45,16,30,127,41
./scriptbase titles/12 and Holding/script.txt,12 and Holding,98,404,164,52,16,242,51,107,17,46,186,83
./scriptbase titles/48 Hrs./script.txt,48 Hrs.,99,281,142,46,5,173,25,87,25,34,148,73
./scriptbase titles/Kundun/script.txt,Kundun,16,326,78,11,2,192,61,42,8,10,147,24
./scriptbase titles/The Matrix Reloaded/script.txt,The Matrix Reloaded,81,253,109,41,10,153,25,73,13,37,114,69
./scriptbase titles/Star Trek (film)/script.txt,Star Trek (film),79,405,118,36,11,237,54,79,11,33,190,63
./scriptbase titles/The Kings Speech/script.txt,The Kings Speech,92,206,167,50,16,117,33,98,25,32,100,70
./scriptbase titles/Gods and Monsters/script.txt,Gods and Monsters,145,433,48,96,17,251,70,26,9,70,176,16
./scriptbase titles/The Straight Story/script.txt,The Straight Story,209,328,359,120,29,194,46,204,55,91,148,160
./scriptbase titles/Arthur (2011 film)/script.txt,Arthur (2011 film),244,341,78,132,24,198,55,47,9,95,166,39
./scriptbase titles/Krull (film)/script.txt,Krull (film),135,202,121,61,27,122,31,77,22,56,95,75
./scriptbase titles/Millers Crossing/script.txt,Millers Crossing,117,541,375,68,14,300,66,245,45,45,238,176
./scriptbase titles/The Crow (film)/script.txt,The Crow (film),108,325,166,52,16,221,40,115,17,36,168,75
./scriptbase titles/Crime Spree/script.txt,Crime Spree,90,490,340,51,13,274,74,194,45,35,210,165
./scriptbase titles/The Whistleblower/script.txt,The Whistleblower,729,241,257,334,100,140,23,137,44,302,126,113
./scriptbase titles/Unbreakable (film)/script.txt,Unbreakable (film),106,522,344,51,12,296,82,190,65,44,230,145
./scriptbase titles/Antitrust (film)/script.txt,Antitrust (film),217,804,219,126,26,432,149,135,30,95,363,121
./scriptbase titles/Ordinary People/script.txt,Ordinary People,176,339,62,98,25,180,78,38,7,64,125,32
./scriptbase titles/Silver Linings Playbook/script.txt,Silver Linings Playbook,97,123,125,47,22,66,21,64,18,35,46,46
./scriptbase titles/The White Ribbon/script.txt,The White Ribbon,229,346,178,115,38,183,52,75,43,88,127,65
./scriptbase titles/Sphere (film)/script.txt,Sphere (film),116,430,138,66,9,229,57,65,20,53,183,47
./scriptbase titles/The Big Lebowski/script.txt,The Big Lebowski,60,258,77,38,3,168,27,54,12,23,124,40
./scriptbase titles/The Departed/script.txt,The Departed,68,379,143,44,8,186,69,76,24,36,168,68
./scriptbase titles/Out of Sight/script.txt,Out of Sight,336,548,209,186,36,303,74,106,35,157,249,98
./scriptbase titles/American Pie (film)/script.txt,American Pie (film),193,330,464,117,27,200,38,252,146,87,141,190
./scriptbase titles/Raging Bull/script.txt,Raging Bull,102,238,96,37,3,128,17,47,21,33,115,38
./scriptbase titles/Hero (1992 film)/script.txt,Hero (1992 film),85,320,96,47,25,154,67,48,8,31,126,37
./scriptbase titles/Jackie Brown (film)/script.txt,Jackie Brown (film),921,380,1190,375,179,178,66,663,300,400,167,543
./scriptbase titles/Beginners/script.txt,Beginners,193,533,234,117,16,308,64,151,29,79,232,109
./scriptbase titles/The Long Kiss Goodnight/script.txt,The Long Kiss Goodnight,368,307,105,232,32,190,29,57,10,163,125,40
./scriptbase titles/Forrest Gump/script.txt,Forrest Gump,197,607,159,124,26,376,58,100,20,90,225,84
./scriptbase titles/Idiocracy/script.txt,Idiocracy,108,188,266,54,13,95,27,159,32,46,71,112
./scriptbase titles/Frances (film)/script.txt,Frances (film),411,234,350,208,65,145,33,191,60,146,84,144
./scriptbase titles/Warrior (2011 film)/script.txt,Warrior (2011 film),62,535,246,31,14,273,69,148,35,26,220,91
./scriptbase titles/G.I. Jane/script.txt,G.I. Jane,131,127,188,71,14,74,19,122,24,58,54,99
./scriptbase titles/Evil Dead II/script.txt,Evil Dead II,214,317,226,133,12,230,30,154,24,88,167,107
./scriptbase titles/The Wild One/script.txt,The Wild One,209,605,137,117,25,345,69,88,11,66,254,74
./scriptbase titles/We Own the Night (film)/script.txt,We Own the Night (film),198,419,609,111,25,214,62,365,83,86,174,282
./scriptbase titles/The Black Dahlia (film)/script.txt,The Black Dahlia (film),389,1023,636,171,60,576,136,358,145,140,476,277
./scriptbase titles/Pulp Fiction/script.txt,Pulp Fiction,130,437,128,75,14,299,43,85,22,54,214,73
./scriptbase titles/Fatal Instinct/script.txt,Fatal Instinct,400,401,395,294,31,251,46,257,45,219,192,200
./scriptbase titles/The Big Blue/script.txt,The Big Blue,103,282,77,55,21,144,39,43,13,46,119,41
./scriptbase titles/The Fabulous Baker Boys/script.txt,The Fabulous Baker Boys,231,175,409,125,23,93,24,223,60,88,73,180
./scriptbase titles/Amour (2012 film)/script.txt,Amour (2012 film),200,311,85,96,30,193,44,51,16,63,149,37
./scriptbase titles/Colombiana/script.txt,Colombiana,336,397,317,174,52,248,41,191,42,147,183,133
./scriptbase titles/Heavy Metal (film)/script.txt,Heavy Metal (film),79,105,47,42,16,67,12,37,2,25,49,21
./scriptbase titles/Solaris (2002 film)/script.txt,Solaris (2002 film),149,218,61,63,34,109,28,35,9,50,82,29
./scriptbase titles/Bad Day at Black Rock/script.txt,Bad Day at Black Rock,56,583,92,29,5,352,62,53,16,19,267,43
./scriptbase titles/Wind Chill (film)/script.txt,Wind Chill (film),379,263,67,239,55,159,26,39,9,181,116,30
./scriptbase titles/Labyrinth (film)/script.txt,Labyrinth (film),239,184,290,143,35,122,20,153,78,102,82,129
./scriptbase titles/The Horse Whisperer (film)/script.txt,The Horse Whisperer (film),856,503,804,452,135,265,81,465,128,327,209,339
./scriptbase titles/Tinker Tailor Soldier Spy (film)/script.txt,Tinker Tailor Soldier Spy (film),122,407,159,67,17,219,68,81,30,55,196,66
./scriptbase titles/Deep Rising/script.txt,Deep Rising,113,191,95,71,12,120,23,42,9,57,92,22
./scriptbase titles/On the Waterfront/script.txt,On the Waterfront,96,446,392,41,17,228,53,207,43,25,182,156
./scriptbase titles/Virtuosity/script.txt,Virtuosity,111,634,149,72,17,377,81,89,10,54,310,64
./scriptbase titles/The French Connection (film)/script.txt,The French Connection (film),121,185,65,62,19,115,22,46,5,59,95,34
./scriptbase titles/American Graffiti/script.txt,American Graffiti,240,541,480,127,20,264,79,302,45,98,218,205
./scriptbase titles/Hannah and Her Sisters/script.txt,Hannah and Her Sisters,352,395,1171,221,25,264,37,574,377,182,205,507
./scriptbase titles/Jay and Silent Bob Strike Back/script.txt,Jay and Silent Bob Strike Back,119,116,624,78,9,70,2,380,101,59,44,262
./scriptbase titles/Serial Mom/script.txt,Serial Mom,121,81,45,70,19,40,10,22,7,55,36,17
./scriptbase titles/Two for the Money (film)/script.txt,Two for the Money (film),39,217,76,15,5,119,34,41,13,9,99,48
./scriptbase titles/Henrys Crime/script.txt,Henrys Crime,158,266,473,88,21,147,24,262,64,57,126,220
./scriptbase titles/Avatar (2009 film)/script.txt,Avatar (2009 film),215,673,288,154,18,363,84,173,37,110,277,122
./scriptbase titles/The Abyss/script.txt,The Abyss,149,389,190,77,16,240,50,127,26,62,195,82
./scriptbase titles/Resident Evil (film)/script.txt,Resident Evil (film),131,128,85,72,32,68,23,36,19,60,51,32
./scriptbase titles/Storytelling (film)/script.txt,Storytelling (film),60,101,56,23,10,61,14,34,11,19,47,19
./scriptbase titles/Office Space/script.txt,Office Space,215,143,92,118,55,93,20,52,11,101,83,42
./scriptbase titles/Analyze This/script.txt,Analyze This,28,229,200,12,3,103,32,115,21,9,87,82
./scriptbase titles/The Shawshank Redemption/script.txt,The Shawshank Redemption,35,513,346,8,7,309,82,229,30,11,248,148
./scriptbase titles/The Verdict/script.txt,The Verdict,155,333,165,73,19,189,31,100,22,68,169,87
./scriptbase titles/State and Main/script.txt,State and Main,191,283,273,99,19,170,28,159,31,77,134,130
./scriptbase titles/Three Kings (1999 film)/script.txt,Three Kings (1999 film),32,512,153,14,3,319,38,104,19,16,251,77
./scriptbase titles/Arbitrage (film)/script.txt,Arbitrage (film),128,245,536,58,23,142,46,298,117,50,97,221
./scriptbase titles/Devil in a Blue Dress (film)/script.txt,Devil in a Blue Dress (film),219,452,84,111,27,287,49,41,13,92,231,29
./scriptbase titles/Jerry Maguire/script.txt,Jerry Maguire,274,340,309,175,26,199,45,185,43,143,143,131
./scriptbase titles/Cool Hand Luke/script.txt,Cool Hand Luke,42,428,150,17,9,256,55,93,18,15,197,82
./scriptbase titles/Smokey and the Bandit/script.txt,Smokey and the Bandit,82,187,374,66,3,113,22,242,84,41,84,155
./scriptbase titles/Children of Men/script.txt,Children of Men,198,367,661,103,38,226,36,378,76,82,187,311
./scriptbase titles/Total Recall (1990 film)/script.txt,Total Recall (1990 film),172,256,158,101,17,128,22,103,21,75,104,78
./scriptbase titles/Eight Legged Freaks/script.txt,Eight Legged Freaks,89,273,312,62,11,145,49,193,35,50,122,132
./scriptbase titles/Donnie Darko/script.txt,Donnie Darko,143,129,300,65,25,72,16,165,42,45,56,124
./scriptbase titles/Sugar (2008 film)/script.txt,Sugar (2008 film),99,422,458,58,5,233,54,264,77,47,159,187
./scriptbase titles/The Three Musketeers (1993 film)/script.txt,The Three Musketeers (1993 film),142,397,156,67,24,197,75,89,18,49,144,75
./scriptbase titles/Black Swan (film)/script.txt,Black Swan (film),1054,186,77,586,165,133,19,36,6,439,97,33
./scriptbase titles/Win Win (film)/script.txt,Win Win (film),116,521,304,61,14,277,65,180,41,44,255,163
./scriptbase titles/Ring (film)/script.txt,Ring (film),197,129,46,114,40,75,21,28,6,77,61,23
./scriptbase titles/A Bucket of Blood (1995 film)/script.txt,A Bucket of Blood (1995 film),73,322,41,33,12,194,33,13,8,21,138,11
./scriptbase titles/Babel (film)/script.txt,Babel (film),473,595,246,233,61,365,67,125,17,180,300,95
./scriptbase titles/EDtv/script.txt,EDtv,250,343,370,121,28,191,56,197,66,112,172,170
./scriptbase titles/Punch-Drunk Love/script.txt,Punch-Drunk Love,72,161,164,39,13,115,15,112,13,39,91,86
./scriptbase titles/Buffy the Vampire Slayer (film)/script.txt,Buffy the Vampire Slayer (film),489,344,180,269,53,217,30,110,18,195,172,86
./scriptbase titles/Jurassic Park III/script.txt,Jurassic Park III,86,340,304,53,10,189,52,173,48,39,149,114
./scriptbase titles/Hard to Kill/script.txt,Hard to Kill,219,278,119,146,21,177,38,69,9,106,135,56
./scriptbase titles/Little Monsters/script.txt,Little Monsters,124,490,526,60,9,326,51,337,47,49,232,239
./scriptbase titles/One Eight Seven/script.txt,One Eight Seven,188,527,100,113,20,335,62,49,19,97,258,38
./scriptbase titles/Cherry Falls/script.txt,Cherry Falls,279,383,232,120,50,242,38,122,34,110,189,86
./scriptbase titles/Jaws 2/script.txt,Jaws 2,136,392,203,77,18,235,46,111,18,53,180,92
./scriptbase titles/Almost Famous/script.txt,Almost Famous,352,845,710,180,47,423,100,353,196,145,353,322
./scriptbase titles/Election (1999 film)/script.txt,Election (1999 film),217,167,289,129,26,106,19,156,44,109,75,116
./scriptbase titles/The Cable Guy/script.txt,The Cable Guy,51,601,273,23,8,371,64,164,33,15,289,130
./scriptbase titles/Little Nicky/script.txt,Little Nicky,69,252,250,36,7,143,38,159,24,24,121,112
./scriptbase titles/Shrek/script.txt,Shrek,96,117,329,49,9,60,16,168,109,31,33,132
./scriptbase titles/The Last Station/script.txt,The Last Station,276,292,217,166,27,148,41,114,29,105,116,96
./scriptbase titles/V for Vendetta (film)/script.txt,V for Vendetta (film),273,344,188,149,31,220,46,105,24,109,175,85
./scriptbase titles/U Turn (1997 film)/script.txt,U Turn (1997 film),178,366,278,81,20,196,54,162,39,59,160,125
./scriptbase titles/Gothika/script.txt,Gothika,503,164,98,273,84,84,31,56,16,234,66,50
./scriptbase titles/The Replacements (film)/script.txt,The Replacements (film),49,326,248,33,2,207,23,160,26,25,162,117
./scriptbase titles/8mm (film)/script.txt,8mm (film),140,339,237,51,24,193,28,144,31,36,178,116
./scriptbase titles/Someone to Watch Over Me (film)/script.txt,Someone to Watch Over Me (film),151,215,76,82,18,119,31,42,10,65,98,37
./scriptbase titles/Return of the Jedi/script.txt,Return of the Jedi,86,242,95,44,13,142,21,58,11,28,99,44
./scriptbase titles/Smoke (film)/script.txt,Smoke (film),84,266,87,46,12,166,31,50,7,30,128,41
./scriptbase titles/Purple Rain (film)/script.txt,Purple Rain (film),339,615,109,197,39,378,77,55,11,160,287,55
./scriptbase titles/Cinema Paradiso/script.txt,Cinema Paradiso,149,576,126,81,29,284,113,53,28,54,233,53
./scriptbase titles/Hesher (film)/script.txt,Hesher (film),134,540,85,74,19,321,70,46,12,67,260,39
./scriptbase titles/The Kingdom (film)/script.txt,The Kingdom (film),95,190,152,57,12,101,33,82,28,39,71,65
./scriptbase titles/Silver Bullet (film)/script.txt,Silver Bullet (film),76,232,74,54,5,138,23,39,10,38,118,19
./scriptbase titles/Precious (film)/script.txt,Precious (film),320,65,530,178,43,28,6,247,166,137,27,196
./scriptbase titles/Shrek the Third/script.txt,Shrek the Third,123,282,124,84,6,178,35,76,17,58,141,50
./scriptbase titles/The Nines/script.txt,The Nines,259,350,99,156,38,199,61,54,18,121,152,38
./scriptbase titles/Mary Shelleys Frankenstein (film)/script.txt,Mary Shelleys Frankenstein (film),203,457,335,110,18,273,64,214,40,70,214,157
./scriptbase titles/Broadcast News (film)/script.txt,Broadcast News (film),396,488,273,232,48,294,59,163,36,168,226,118
./scriptbase titles/Roughshod (film)/script.txt,Roughshod (film),525,710,237,273,55,452,80,150,28,189,344,104
./scriptbase titles/Indiana Jones and the Temple of Doom/script.txt,Indiana Jones and the Temple of Doom,168,412,444,89,33,252,62,245,76,67,176,186
./scriptbase titles/Airplane!/script.txt,Airplane!,104,136,105,65,8,86,26,74,11,53,75,51
./scriptbase titles/Sounder (film)/script.txt,Sounder (film),124,282,169,75,9,159,34,115,21,74,131,90
./scriptbase titles/Kids (film)/script.txt,Kids (film),182,384,124,105,21,240,52,79,13,87,222,61
./scriptbase titles/The Ploughmans Lunch/script.txt,The Ploughmans Lunch,147,351,315,75,21,200,48,145,90,66,153,110
./scriptbase titles/Pet Sematary (film)/script.txt,Pet Sematary (film),147,426,87,71,19,253,54,52,8,62,206,45
./scriptbase titles/Benny & Joon/script.txt,Benny & Joon,55,59,57,21,15,29,10,36,7,21,34,27
./scriptbase titles/Runaway Bride (1999 film)/script.txt,Runaway Bride (1999 film),501,275,800,321,58,156,32,432,190,224,124,357
./scriptbase titles/Ill Do Anything/script.txt,Ill Do Anything,377,330,206,205,46,187,49,127,22,150,134,97
./scriptbase titles/The Believer (film)/script.txt,The Believer (film),147,477,556,93,16,255,81,310,95,59,189,246
./scriptbase titles/Bad Dreams (film)/script.txt,Bad Dreams (film),480,342,219,235,63,223,27,139,27,164,164,88
./scriptbase titles/Melvin and Howard/script.txt,Melvin and Howard,141,353,124,88,7,220,36,79,10,59,157,63
./scriptbase titles/Excalibur (film)/script.txt,Excalibur (film),226,731,167,122,24,441,106,99,14,88,324,65
./scriptbase titles/I Am Sam/script.txt,I Am Sam,342,190,664,168,47,96,39,337,191,126,89,283
./scriptbase titles/Brazil (1985 film)/script.txt,Brazil (1985 film),65,346,100,40,5,210,59,52,11,29,183,42
./scriptbase titles/The Atomic Submarine/script.txt,The Atomic Submarine,27,213,240,16,3,128,19,135,50,6,87,93
./scriptbase titles/Intolerable Cruelty/script.txt,Intolerable Cruelty,236,318,81,111,33,189,44,43,11,88,134,34
./scriptbase titles/Walking Tall (2004 film)/script.txt,Walking Tall (2004 film),8,76,134,4,0,39,7,111,4,2,31,79
./scriptbase titles/Very Bad Things/script.txt,Very Bad Things,128,310,159,60,16,188,41,90,21,55,147,70
./scriptbase titles/Rushmore (film)/script.txt,Rushmore (film),113,328,306,54,12,188,57,165,33,41,148,140
./scriptbase titles/Fast Times at Ridgemont High/script.txt,Fast Times at Ridgemont High,129,307,163,60,19,195,36,107,17,55,144,77
./scriptbase titles/Jimmy and Judy/script.txt,Jimmy and Judy,226,577,312,121,36,362,69,188,46,76,273,136
./scriptbase titles/The Fugitive (1993 film)/script.txt,The Fugitive (1993 film),81,632,262,47,10,354,98,138,85,37,312,113
./scriptbase titles/Dark City (1998 film)/script.txt,Dark City (1998 film),91,632,98,51,11,354,91,52,17,33,262,34
./scriptbase titles/Scary Movie/script.txt,Scary Movie,227,165,161,130,16,89,27,109,14,105,73,76
./scriptbase titles/The Assignment (1997 film)/script.txt,The Assignment (1997 film),139,657,207,63,14,369,104,127,36,58,327,104
./scriptbase titles/Mission to Mars/script.txt,Mission to Mars,88,470,306,52,15,253,87,148,72,35,200,129
./scriptbase titles/The Help (film)/script.txt,The Help (film),628,154,104,403,72,89,14,58,16,306,68,41
./scriptbase titles/The Private Life of Sherlock Holmes/script.txt,The Private Life of Sherlock Holmes,121,202,75,59,16,153,13,51,11,50,119,32
./scriptbase titles/Zerophilia/script.txt,Zerophilia,137,303,118,82,18,168,57,69,17,53,112,68
./scriptbase titles/Hackers (film)/script.txt,Hackers (film),75,118,263,48,8,64,16,153,66,46,67,132
./scriptbase titles/The Battle of Algiers/script.txt,The Battle of Algiers,99,476,316,59,9,283,58,187,44,54,220,149
./scriptbase titles/Barton Fink/script.txt,Barton Fink,50,486,451,33,2,285,65,229,148,14,206,191
./scriptbase titles/The Thin Man (film)/script.txt,The Thin Man (film),514,665,327,269,67,345,80,166,36,215,288,118
./scriptbase titles/Lone Star (1996 film)/script.txt,Lone Star (1996 film),112,419,218,58,10,215,71,123,31,46,173,99
./scriptbase titles/No Country for Old Men (film)/script.txt,No Country for Old Men (film),91,639,49,52,14,399,71,40,3,34,305,29
./scriptbase titles/The Adventures of Buckaroo Banzai Across the 8th Dimension/script.txt,The Adventures of Buckaroo Banzai Across the 8th Dimension,22,99,228,7,6,65,11,132,55,4,42,98
./scriptbase titles/The Cooler/script.txt,The Cooler,318,325,345,195,32,202,39,204,41,151,157,143
./scriptbase titles/The Silence of the Lambs (film)/script.txt,The Silence of the Lambs (film),448,446,115,247,76,278,55,56,18,187,195,58
./scriptbase titles/SubUrbia (film)/script.txt,SubUrbia (film),107,96,83,58,14,53,18,52,12,37,46,40
./scriptbase titles/Shallow Grave/script.txt,Shallow Grave,83,239,274,40,12,134,38,149,43,37,114,111
./scriptbase titles/Jacobs Ladder (film)/script.txt,Jacobs Ladder (film),188,597,606,109,23,339,101,264,211,70,217,247
./scriptbase titles/The Man in the Iron Mask (1998 film)/script.txt,The Man in the Iron Mask (1998 film),138,393,200,67,18,209,73,107,30,56,158,85
./scriptbase titles/Dragonslayer/script.txt,Dragonslayer,97,437,83,57,11,286,69,40,10,45,205,34
./scriptbase titles/City of Joy (film)/script.txt,City of Joy (film),144,315,229,79,18,191,46,135,22,58,149,99
./scriptbase titles/Bringing Out the Dead/script.txt,Bringing Out the Dead,133,257,303,64,18,145,28,192,29,52,100,151
./scriptbase titles/Fair Game (2010 film)/script.txt,Fair Game (2010 film),293,262,272,158,38,151,29,126,39,151,105,114
./scriptbase titles/The Distinguished Gentleman/script.txt,The Distinguished Gentleman,100,201,236,53,9,130,16,141,34,48,100,116
./scriptbase titles/Monkeybone/script.txt,Monkeybone,93,280,99,54,17,169,38,58,19,45,128,46
./scriptbase titles/Young Frankenstein/script.txt,Young Frankenstein,65,217,212,40,9,129,27,111,27,30,92,86
./scriptbase titles/Black Rain (1989 American film)/script.txt,Black Rain (1989 American film),99,423,361,55,3,234,67,207,44,42,188,178
./scriptbase titles/Only You (1994 film)/script.txt,Only You (1994 film),442,313,97,275,57,150,40,49,16,207,127,39
./scriptbase titles/Nick of Time (film)/script.txt,Nick of Time (film),144,350,97,70,19,191,36,54,16,45,147,40
./scriptbase titles/Platoon (film)/script.txt,Platoon (film),59,406,271,23,10,215,56,153,57,22,186,125
./scriptbase titles/Last Chance Harvey/script.txt,Last Chance Harvey,295,345,96,155,41,180,47,55,13,88,139,39
./scriptbase titles/The Curious Case of Benjamin Button (film)/script.txt,The Curious Case of Benjamin Button (film),618,766,230,351,80,370,127,130,36,235,276,98
./scriptbase titles/Hes Just Not That Into You (film)/script.txt,Hes Just Not That Into You (film),525,273,186,299,68,160,28,105,22,221,120,85
./scriptbase titles/The English Patient (film)/script.txt,The English Patient (film),614,438,745,269,114,267,48,386,184,249,199,266
./scriptbase titles/Annie Hall/script.txt,Annie Hall,199,190,844,130,20,117,13,411,291,99,98,358
./scriptbase titles/The X-Files (film)/script.txt,The X-Files (film),89,189,169,49,13,99,23,104,18,37,88,72
./scriptbase titles/Goodfellas/script.txt,Goodfellas,87,253,151,45,16,121,52,87,23,43,107,78
./scriptbase titles/The Hangover/script.txt,The Hangover,117,275,371,69,14,143,42,228,43,60,110,158
./scriptbase titles/Mulholland Drive (film)/script.txt,Mulholland Drive (film),399,236,152,214,59,136,30,86,21,171,105,65
./scriptbase titles/The Doors (film)/script.txt,The Doors (film),154,346,182,82,24,204,41,91,35,66,155,66
./scriptbase titles/Gone in 60 Seconds (2000 film)/script.txt,Gone in 60 Seconds (2000 film),138,347,340,46,8,193,34,214,33,33,157,170
./scriptbase titles/An American Werewolf in Paris/script.txt,An American Werewolf in Paris,204,584,712,128,15,347,60,393,140,94,233,302
./scriptbase titles/Day of the Dead (1985 film)/script.txt,Day of the Dead (1985 film),127,287,161,82,13,172,43,101,23,59,136,87
./scriptbase titles/A Dry White Season/script.txt,A Dry White Season,199,493,441,99,24,248,68,270,56,93,194,221
./scriptbase titles/Save the Last Dance/script.txt,Save the Last Dance,547,436,144,281,68,223,73,80,23,226,187,52
./scriptbase titles/Blast from the Past (film)/script.txt,Blast from the Past (film),182,482,153,127,12,288,73,85,19,92,206,70
./scriptbase titles/The Siege/script.txt,The Siege,158,382,203,84,13,193,59,113,29,58,154,82
./scriptbase titles/Blade (film)/script.txt,Blade (film),300,267,96,166,52,158,26,49,13,112,117,39
./scriptbase titles/Sleepless in Seattle/script.txt,Sleepless in Seattle,286,249,196,179,41,137,28,111,28,132,107,99
./scriptbase titles/Death to Smoochy/script.txt,Death to Smoochy,103,442,94,58,10,265,41,66,8,47,186,46
./scriptbase titles/Blade Runner/script.txt,Blade Runner,209,405,98,112,31,230,55,53,16,75,189,48
./scriptbase titles/Ghostbusters II/script.txt,Ghostbusters II,61,180,148,38,6,110,20,78,15,32,88,57
./scriptbase titles/Backdraft (film)/script.txt,Backdraft (film),69,277,456,39,6,151,38,275,53,28,123,196
./scriptbase titles/Air Force One (film)/script.txt,Air Force One (film),126,463,103,67,8,304,50,71,15,47,221,64
./scriptbase titles/The Matrix/script.txt,The Matrix,81,384,114,54,9,216,68,73,16,36,162,61
./scriptbase titles/Cradle 2 the Grave/script.txt,Cradle 2 the Grave,193,234,337,99,20,140,29,171,99,78,120,175
./scriptbase titles/The Time Machine (2002 film)/script.txt,The Time Machine (2002 film),97,343,122,35,10,198,49,70,11,32,136,42
./scriptbase titles/The Wrestler (2008 film)/script.txt,The Wrestler (2008 film),180,374,449,100,12,227,36,278,45,83,196,199
./scriptbase titles/The Lost Boys/script.txt,The Lost Boys,141,241,347,64,17,125,30,226,42,54,88,161
./scriptbase titles/The Shining (film)/script.txt,The Shining (film),113,214,138,82,8,134,21,49,16,68,119,45
./scriptbase titles/Pitch Black (film)/script.txt,Pitch Black (film),94,184,112,49,15,107,24,56,17,31,105,53
./scriptbase titles/Silverado (film)/script.txt,Silverado (film),199,850,223,101,25,511,81,126,22,70,390,89
./scriptbase titles/The Last Boy Scout/script.txt,The Last Boy Scout,117,539,527,68,9,349,46,288,143,48,234,248
./scriptbase titles/The Graduate/script.txt,The Graduate,239,382,787,123,19,251,29,421,214,107,202,318
./scriptbase titles/Harold and Maude/script.txt,Harold and Maude,275,365,119,165,29,195,65,58,23,113,145,55
./scriptbase titles/Assassins (film)/script.txt,Assassins (film),191,295,242,108,27,175,41,121,76,82,132,107
./scriptbase titles/Kung Fu Panda/script.txt,Kung Fu Panda,10,237,217,5,2,152,24,137,13,5,112,82
./scriptbase titles/Friday the 13th (1980 film)/script.txt,Friday the 13th (1980 film),215,119,81,133,29,64,9,56,5,100,61,36
./scriptbase titles/Nashville (film)/script.txt,Nashville (film),246,201,100,140,29,110,30,60,11,97,88,41
./scriptbase titles/Only God Forgives/script.txt,Only God Forgives,181,413,346,105,32,203,55,197,59,91,171,135
./scriptbase titles/Sling Blade/script.txt,Sling Blade,94,274,222,46,18,128,53,105,41,46,131,89
./scriptbase titles/The Relic (film)/script.txt,The Relic (film),188,348,157,118,23,210,49,85,30,75,151,68
./scriptbase titles/Blow (film)/script.txt,Blow (film),117,248,307,52,11,125,35,171,39,40,106,148
./scriptbase titles/Queen of the Damned/script.txt,Queen of the Damned,260,399,258,142,51,218,59,130,52,97,144,95
./scriptbase titles/Hope and Glory (film)/script.txt,Hope and Glory (film),252,281,243,147,27,171,31,132,45,116,130,96
./scriptbase titles/The Usual Suspects/script.txt,The Usual Suspects,38,434,231,18,5,228,89,98,36,17,185,82
./scriptbase titles/One Flew Over the Cuckoos Nest (film)/script.txt,One Flew Over the Cuckoos Nest (film),72,197,305,50,6,115,22,152,91,35,92,114
./scriptbase titles/Dances with Wolves/script.txt,Dances with Wolves,210,668,176,123,31,363,135,109,30,82,282,80
./scriptbase titles/Who Framed Roger Rabbit/script.txt,Who Framed Roger Rabbit,103,547,410,63,6,351,36,253,86,46,269,189
./scriptbase titles/Detroit Rock City (film)/script.txt,Detroit Rock City (film),152,447,257,96,18,285,50,145,38,67,219,107
./scriptbase titles/The Thing from Another World/script.txt,The Thing from Another World,59,281,221,38,5,186,27,146,17,30,141,103
./scriptbase titles/Ghostbusters/script.txt,Ghostbusters,10,63,29,7,1,40,6,18,5,4,26,9
./scriptbase titles/Grand Theft Parsons/script.txt,Grand Theft Parsons,158,411,265,112,12,235,66,151,45,96,197,127
./scriptbase titles/Megamind/script.txt,Megamind,231,367,140,148,32,199,54,83,18,115,166,68
./scriptbase titles/Invaders from Mars (1986 film)/script.txt,Invaders from Mars (1986 film),181,425,174,93,15,181,82,99,24,71,121,78
./scriptbase titles/Shine (film)/script.txt,Shine (film),56,180,148,33,9,95,25,87,20,27,85,66
./scriptbase titles/The American (2010 film)/script.txt,The American (2010 film),176,310,234,107,20,167,51,129,63,82,145,97
./scriptbase titles/True Romance/script.txt,True Romance,155,563,535,95,13,361,76,276,167,76,279,256
./scriptbase titles/The Bodyguard (1992 film)/script.txt,The Bodyguard (1992 film),462,459,579,254,68,248,58,331,81,190,186,249
./scriptbase titles/Citizen Kane/script.txt,Citizen Kane,170,557,633,89,16,323,82,333,179,78,248,257
./scriptbase titles/The Reader (2008 film)/script.txt,The Reader (2008 film),201,197,89,105,28,112,24,51,11,95,80,37
./scriptbase titles/A Perfect World/script.txt,A Perfect World,177,754,167,95,28,470,103,102,25,70,369,77
./scriptbase titles/Miami Vice (film)/script.txt,Miami Vice (film),197,221,166,91,23,128,26,89,34,76,98,98
./scriptbase titles/Horrible Bosses/script.txt,Horrible Bosses,56,285,238,28,12,147,38,138,38,24,126,106
./scriptbase titles/Hollow Man/script.txt,Hollow Man,448,362,215,298,54,226,33,134,22,222,182,107
./scriptbase titles/Kramer vs. Kramer/script.txt,Kramer vs. Kramer,214,362,287,119,38,206,56,180,35,89,181,119
./scriptbase titles/The Visitor (2007 drama film)/script.txt,The Visitor (2007 drama film),118,593,89,66,18,333,84,51,18,65,266,55
./scriptbase titles/Eastern Promises/script.txt,Eastern Promises,313,496,81,172,43,326,51,45,10,104,209,38
./scriptbase titles/The Grudge/script.txt,The Grudge,623,379,78,354,88,238,46,41,13,235,167,28
./scriptbase titles/The Losers (film)/script.txt,The Losers (film),78,265,131,39,7,153,26,73,18,32,96,60
./scriptbase titles/Stepmom (film)/script.txt,Stepmom (film),570,235,301,310,84,110,34,157,50,234,77,121
./scriptbase titles/A Night at the Roxbury/script.txt,A Night at the Roxbury,59,177,208,44,3,100,18,129,27,30,87,102
./scriptbase titles/Mumford (film)/script.txt,Mumford (film),211,293,82,106,43,139,60,43,16,82,107,34
./scriptbase titles/Absolute Power (film)/script.txt,Absolute Power (film),188,655,164,105,36,398,82,108,22,81,308,82
./scriptbase titles/Mean Streets/script.txt,Mean Streets,57,277,106,24,3,160,40,61,13,21,124,49
./scriptbase titles/Made for Each Other (1939 film)/script.txt,Made for Each Other (1939 film),311,409,63,197,33,237,59,30,7,142,173,26
./scriptbase titles/Soldier (1998 American film)/script.txt,Soldier (1998 American film),84,414,163,44,7,206,89,75,31,27,148,64
./scriptbase titles/Anna Karenina (2012 film)/script.txt,Anna Karenina (2012 film),607,470,60,308,94,233,57,26,3,277,183,19
./scriptbase titles/The Apartment/script.txt,The Apartment,190,429,128,90,23,304,36,81,14,80,222,69
./scriptbase titles/The Company of Wolves/script.txt,The Company of Wolves,157,102,40,102,22,72,4,30,6,59,45,19
./scriptbase titles/The Life of David Gale/script.txt,The Life of David Gale,396,324,244,215,60,187,43,130,35,194,154,91
./scriptbase titles/Dexter (episode)/script.txt,Dexter (episode),64,260,47,34,10,159,32,28,10,38,118,24
./scriptbase titles/Big Fish/script.txt,Big Fish,235,630,130,132,35,375,83,74,11,118,284,54
./scriptbase titles/The Bonfire of the Vanities (film)/script.txt,The Bonfire of the Vanities (film),113,372,208,58,14,206,48,105,27,59,146,95
./scriptbase titles/Life (1999 film)/script.txt,Life (1999 film),84,245,457,55,15,152,25,327,45,41,122,246
./scriptbase titles/Margin Call (film)/script.txt,Margin Call (film),49,195,154,23,10,93,31,57,38,16,71,47
./scriptbase titles/Lord of Illusions/script.txt,Lord of Illusions,176,497,106,97,18,305,84,53,16,74,248,38
./scriptbase titles/Chinatown (1974 film)/script.txt,Chinatown (1974 film),168,408,166,90,21,235,58,92,19,69,189,71
./scriptbase titles/You Can Count on Me/script.txt,You Can Count on Me,139,243,316,72,12,107,29,186,52,65,93,151
./scriptbase titles/Terminator Salvation/script.txt,Terminator Salvation,107,338,114,69,6,190,50,69,16,48,140,55
./scriptbase titles/Meet Joe Black/script.txt,Meet Joe Black,302,368,323,139,58,170,68,148,59,100,133,111
./scriptbase titles/Body Heat/script.txt,Body Heat,335,468,200,182,36,259,59,102,26,160,209,69
./scriptbase titles/Collateral Damage (film)/script.txt,Collateral Damage (film),173,464,151,91,26,272,67,92,15,68,220,74
./scriptbase titles/Easy A/script.txt,Easy A,306,197,208,196,48,112,15,130,24,153,88,97
./scriptbase titles/Independence Day (1996 film)/script.txt,Independence Day (1996 film),185,311,394,121,32,181,35,243,41,95,121,200
./scriptbase titles/Batman Begins/script.txt,Batman Begins,128,563,154,59,18,315,65,97,15,47,239,79
./scriptbase titles/M (1931 film)/script.txt,M (1931 film),41,297,78,22,4,170,29,39,11,13,140,41
./scriptbase titles/A Few Good Men/script.txt,A Few Good Men,45,323,148,26,7,186,48,82,28,30,161,79
./scriptbase titles/From Dusk till Dawn/script.txt,From Dusk till Dawn,112,522,154,54,18,331,62,84,22,47,237,63
./scriptbase titles/Hitchcock (film)/script.txt,Hitchcock (film),364,327,112,212,35,198,34,60,16,180,166,43
./scriptbase titles/WALL-E/script.txt,WALL-E,137,148,330,77,14,67,16,219,29,54,57,157
./scriptbase titles/Catwoman (film)/script.txt,Catwoman (film),379,146,64,243,55,70,23,44,3,195,57,33
./scriptbase titles/The Hustler (film)/script.txt,The Hustler (film),159,317,316,82,20,184,43,196,25,70,152,142
./scriptbase titles/American Gangster (film)/script.txt,American Gangster (film),292,517,400,127,67,265,102,207,89,110,213,167
./scriptbase titles/From Here to Eternity/script.txt,From Here to Eternity,187,656,151,117,16,397,89,94,20,79,298,80
./scriptbase titles/Human Nature (film)/script.txt,Human Nature (film),345,422,62,207,48,221,52,33,10,172,162,23
./scriptbase titles/True Lies/script.txt,True Lies,409,852,485,192,52,523,94,236,140,158,431,201
./scriptbase titles/The Game (1997 film)/script.txt,The Game (1997 film),171,645,433,104,17,401,94,239,123,82,293,213
./scriptbase titles/Bad Boys (1995 film)/script.txt,Bad Boys (1995 film),153,330,172,80,23,186,46,108,20,66,158,81
./scriptbase titles/Wall Street (1987 film)/script.txt,Wall Street (1987 film),76,473,101,39,11,296,46,61,13,33,240,39
./scriptbase titles/The Butterfly Effect/script.txt,The Butterfly Effect,141,327,575,75,23,191,55,369,57,62,157,264
./scriptbase titles/Ghost World (film)/script.txt,Ghost World (film),381,214,616,214,44,103,26,269,223,186,90,241
./scriptbase titles/An Officer and a Gentleman/script.txt,An Officer and a Gentleman,264,499,194,136,33,286,63,118,22,105,223,96
./scriptbase titles/Chaos (2005 Capitol film)/script.txt,Chaos (2005 Capitol film),38,192,149,20,6,102,32,93,19,17,97,77
./scriptbase titles/Hannibal (film)/script.txt,Hannibal (film),37,84,62,15,5,43,16,37,8,15,30,37
./scriptbase titles/Oceans Twelve/script.txt,Oceans Twelve,212,347,192,110,30,194,49,103,22,89,155,83
./scriptbase titles/Mr. Blandings Builds His Dream House/script.txt,Mr. Blandings Builds His Dream House,151,403,122,85,8,274,36,67,13,62,211,62
./scriptbase titles/Stolen Summer/script.txt,Stolen Summer,100,591,288,59,8,324,67,165,30,48,228,127
./scriptbase titles/Kafka (film)/script.txt,Kafka (film),56,333,106,30,11,152,68,62,9,20,138,49
./scriptbase titles/Charade (1963 film)/script.txt,Charade (1963 film),252,464,92,144,29,238,64,50,13,119,188,46
./scriptbase titles/Bull Durham/script.txt,Bull Durham,105,214,70,63,14,124,31,34,9,53,98,22
./scriptbase titles/Final Destination 2/script.txt,Final Destination 2,236,154,386,146,30,86,25,203,101,101,60,166
./scriptbase titles/Beasts of the Southern Wild/script.txt,Beasts of the Southern Wild,221,101,100,127,25,70,7,63,5,96,51,48
./scriptbase titles/War of the Worlds (2005 film)/script.txt,War of the Worlds (2005 film),126,310,182,60,20,190,32,99,26,41,131,90
./scriptbase titles/Starman (film)/script.txt,Starman (film),392,363,133,233,47,192,55,72,19,181,166,56
./scriptbase titles/Game 6/script.txt,Game 6,77,220,208,39,21,112,42,107,21,27,110,99
./scriptbase titles/The Shipping News (film)/script.txt,The Shipping News (film),342,414,138,183,53,203,79,62,19,133,156,43
./scriptbase titles/Sense and Sensibility (film)/script.txt,Sense and Sensibility (film),299,303,92,136,34,164,40,42,20,90,123,40
./scriptbase titles/Shivers (film)/script.txt,Shivers (film),249,364,172,141,38,248,46,98,16,105,180,76
./scriptbase titles/Four Rooms/script.txt,Four Rooms,323,311,296,206,41,194,32,179,36,145,150,146
./scriptbase titles/Breakdown (film)/script.txt,Breakdown (film),100,615,84,46,8,386,93,45,11,32,287,31
./scriptbase titles/Arcade (film)/script.txt,Arcade (film),142,135,318,78,24,90,14,202,58,60,75,140
./scriptbase titles/Innerspace/script.txt,Innerspace,126,409,349,66,17,254,45,199,47,53,188,150
./scriptbase titles/The Jackie Robinson Story/script.txt,The Jackie Robinson Story,52,335,274,29,12,208,46,163,43,17,163,136
./scriptbase titles/Code of Silence (film)/script.txt,Code of Silence (film),132,227,371,61,15,131,25,253,40,41,114,178
./scriptbase titles/Spare Me (film)/script.txt,Spare Me (film),291,180,400,126,49,104,20,230,85,138,76,189
./scriptbase titles/Observe and Report/script.txt,Observe and Report,124,259,376,62,9,175,15,225,53,47,127,160
./scriptbase titles/The Pianist (2002 film)/script.txt,The Pianist (2002 film),51,358,152,33,4,209,52,87,15,27,151,75
./scriptbase titles/Swordfish (film)/script.txt,Swordfish (film),110,387,413,65,9,231,39,243,87,43,183,190
./scriptbase titles/The Birds (film)/script.txt,The Birds (film),775,287,176,393,169,170,28,101,24,345,119,85
./scriptbase titles/Mirrors (film)/script.txt,Mirrors (film),296,384,346,176,38,204,65,226,58,136,180,158
./scriptbase titles/The Stunt Man/script.txt,The Stunt Man,187,658,677,103,17,387,91,354,165,80,299,299
./scriptbase titles/Fight Club/script.txt,Fight Club,114,365,525,64,12,245,46,280,104,51,177,219
./scriptbase titles/I Am Legend (film)/script.txt,I Am Legend (film),225,952,146,129,26,615,137,76,27,90,493,70
./scriptbase titles/Black Snake Moan (film)/script.txt,Black Snake Moan (film),510,462,184,287,65,309,43,105,26,199,242,83
./scriptbase titles/The Godfather Part II/script.txt,The Godfather Part II,165,659,346,72,27,359,118,202,41,70,293,148
./scriptbase titles/Escape from New York/script.txt,Escape from New York,15,199,49,10,1,105,36,23,9,9,110,19
./scriptbase titles/Highlander (film)/script.txt,Highlander (film),216,378,108,113,21,208,50,61,11,75,162,50
./scriptbase titles/JFK (film)/script.txt,JFK (film),117,744,347,54,16,371,106,189,56,37,314,173
./scriptbase titles/The Lost Weekend (film)/script.txt,The Lost Weekend (film),171,505,305,94,20,282,68,190,28,75,245,144
./scriptbase titles/Man on the Moon (film)/script.txt,Man on the Moon (film),86,349,416,50,10,220,43,278,63,36,147,180
./scriptbase titles/Leviathan (1989 film)/script.txt,Leviathan (1989 film),111,279,272,73,10,145,52,144,29,58,120,126
./scriptbase titles/The Faculty/script.txt,The Faculty,194,288,316,119,12,180,21,165,77,89,136,141
./scriptbase titles/I Love You Phillip Morris/script.txt,I Love You Phillip Morris,57,375,267,30,6,206,58,164,44,26,167,115
./scriptbase titles/The Italian Job (2003 film)/script.txt,The Italian Job (2003 film),132,325,182,69,17,201,50,121,26,55,169,100
./scriptbase titles/Legend (1985 film)/script.txt,Legend (1985 film),229,135,189,131,36,83,17,127,25,78,60,97
./scriptbase titles/The Ice Storm (film)/script.txt,The Ice Storm (film),199,220,190,118,22,116,30,102,21,81,89,79
./scriptbase titles/Notting Hill (film)/script.txt,Notting Hill (film),190,292,136,106,23,181,27,87,12,70,147,70
./scriptbase titles/The Empire Strikes Back/script.txt,The Empire Strikes Back,83,346,156,41,11,206,37,92,19,27,151,62
./scriptbase titles/The Third Man/script.txt,The Third Man,152,465,123,99,7,299,38,71,11,86,202,68
./scriptbase titles/The Avengers (1998 film)/script.txt,The Avengers (1998 film),159,207,374,72,22,127,23,226,52,65,93,181
./scriptbase titles/Life as a House/script.txt,Life as a House,235,437,629,147,31,264,79,443,84,102,197,316
./scriptbase titles/Being John Malkovich/script.txt,Being John Malkovich,212,312,61,111,28,187,47,21,14,89,142,21
./scriptbase titles/Final Destination (film)/script.txt,Final Destination (film),131,298,187,70,24,175,37,98,25,56,137,69
./scriptbase titles/Indiana Jones and the Last Crusade/script.txt,Indiana Jones and the Last Crusade,75,346,112,35,6,199,40,77,14,22,159,54
./scriptbase titles/The Ninth Gate/script.txt,The Ninth Gate,88,326,86,49,5,231,41,43,12,35,163,38
./scriptbase titles/The Sandlot/script.txt,The Sandlot,32,248,394,15,5,141,31,231,86,13,121,199
./scriptbase titles/The Last Temptation of Christ (film)/script.txt,The Last Temptation of Christ (film),87,631,235,44,13,346,78,132,35,32,241,89
./scriptbase titles/Big (film)/script.txt,Big (film),14,35,28,7,0,18,7,14,2,3,13,15
./scriptbase titles/The Descendants/script.txt,The Descendants,261,221,310,114,50,102,36,172,46,98,90,130
./scriptbase titles/Predator (film)/script.txt,Predator (film),107,573,103,56,11,369,88,66,9,38,297,45
./scriptbase titles/Beetlejuice/script.txt,Beetlejuice,421,331,171,250,44,189,40,83,26,186,127,61
./scriptbase titles/Les Miserables (2012 film)/script.txt,Les Miserables (2012 film),154,408,138,57,29,213,68,80,23,50,171,66
./scriptbase titles/The Public Eye (film)/script.txt,The Public Eye (film),123,507,131,60,16,272,110,79,16,47,213,60
./scriptbase titles/Sherlock Holmes (2009 film)/script.txt,Sherlock Holmes (2009 film),202,416,378,141,21,229,68,164,118,105,186,158
./scriptbase titles/Next Friday/script.txt,Next Friday,152,408,97,102,20,255,41,59,13,80,190,50
./scriptbase titles/Jennifers Body/script.txt,Jennifers Body,389,207,87,234,49,119,19,50,9,172,90,37
./scriptbase titles/What About Bob/script.txt,What About Bob,124,509,299,80,16,299,67,169,31,54,231,125
./scriptbase titles/Boogie Nights/script.txt,Boogie Nights,97,258,142,52,16,150,26,91,10,41,117,75
./scriptbase titles/Henry Fool/script.txt,Henry Fool,384,582,553,219,42,323,88,320,76,149,225,181
./scriptbase titles/Law Abiding Citizen/script.txt,Law Abiding Citizen,77,380,256,44,11,232,53,149,40,34,192,115
./scriptbase titles/Changeling (film)/script.txt,Changeling (film),445,531,204,256,80,258,90,133,24,170,199,97
./scriptbase titles/Die Hard/script.txt,Die Hard,61,528,223,26,6,323,62,118,36,24,253,103
./scriptbase titles/Superman (1978 film)/script.txt,Superman (1978 film),32,170,227,17,7,96,27,117,65,9,60,110
./scriptbase titles/Jaws (film)/script.txt,Jaws (film),40,283,126,23,5,173,33,89,12,17,135,70
./scriptbase titles/The Adventures of Ford Fairlane/script.txt,The Adventures of Ford Fairlane,90,411,431,48,7,289,24,232,123,29,218,187
./scriptbase titles/Brick (film)/script.txt,Brick (film),209,572,96,101,31,335,68,57,10,77,271,40
./scriptbase titles/Bound (film)/script.txt,Bound (film),435,738,59,238,65,398,119,29,6,179,344,23
./scriptbase titles/Trainspotting (film)/script.txt,Trainspotting (film),58,222,356,36,8,127,31,175,95,26,114,139
./scriptbase titles/Kate & Leopold/script.txt,Kate & Leopold,363,451,114,202,52,224,66,76,7,151,196,58
./scriptbase titles/The Salton Sea/script.txt,The Salton Sea,86,347,293,41,11,212,46,174,28,29,177,135
./scriptbase titles/Youth in Revolt (film)/script.txt,Youth in Revolt (film),228,382,431,128,25,213,52,266,55,108,160,217
./scriptbase titles/Slumdog Millionaire/script.txt,Slumdog Millionaire,104,420,94,50,18,263,55,60,9,34,204,45
./scriptbase titles/Taking Sides (film)/script.txt,Taking Sides (film),51,273,237,31,2,139,59,139,19,20,129,121
./scriptbase titles/The Sting/script.txt,The Sting,45,472,92,18,7,256,69,55,11,17,225,42
./scriptbase titles/The Seventh Victim/script.txt,The Seventh Victim,148,103,31,75,14,60,17,11,4,52,42,10
./scriptbase titles/An Education/script.txt,An Education,449,185,238,216,64,104,31,124,29,184,85,97
